Graph Name,No of sources of Evidences,Controller,Average-Case Controller to Switch
ABILENE,2,8,0.2857142857142857
ABILENE,2,9,0.42857142857142855
ABILENE,2,10,0.14285714285714285
ABILENE,2,6,0.2857142857142857
ABILENE,3,7,0.5714285714285714
ABILENE,3,1,0.14285714285714285
ABILENE,3,2,0.14285714285714285
ABILENE,3,6,0.2857142857142857
ABILENE,4,7,0.875
ABILENE,4,2,0.25
ABILENE,4,5,0.125
ABVT,2,11,38.57115789473684
ABVT,2,1,5.419842105263157
ABVT,2,10,2.8623684210526315
ABVT,2,5,2.6436842105263154
ABVT,3,1,12.319105263157894
ABVT,3,21,11.471736842105264
ABVT,3,7,0.024210526315789474
ABVT,3,10,2.0813157894736842
ABVT,4,11,51.51011111111111
ABVT,4,1,5.5985
ABVT,4,0,0.025555555555555557
ABVT,4,2,2.1736666666666666
ABVT,4,5,0.15366666666666667
AGIS,2,9,0.3
AGIS,2,19,0.4
AGIS,2,6,0.1
AGIS,2,10,0.15
AGIS,2,3,0.25
AGIS,3,5,0.2631578947368421
AGIS,3,7,0.2631578947368421
AGIS,3,2,0.15789473684210525
AGIS,3,9,0.42105263157894735
AGIS,3,3,0.21052631578947367
AGIS,3,14,0.15789473684210525
AGIS,4,9,0.55
AGIS,4,3,0.2
AGIS,4,19,0.4
AGIS,4,6,0.1
AGIS,4,2,0.05
ARN.GRAPHML,2,22,0.5185185185185185
ARN.GRAPHML,2,8,0.3333333333333333
ARN.GRAPHML,2,24,0.2222222222222222
ARN.GRAPHML,3,8,1.7142857142857142
ARN.GRAPHML,3,4,0.10714285714285714
ARN.GRAPHML,4,3,0.6538461538461539
ARN.GRAPHML,4,7,0.07692307692307693
ARN.GRAPHML,4,29,0.4230769230769231
ARN.GRAPHML,4,18,0.6538461538461539
BELLCANADA,2,33,0.08108108108108109
BELLCANADA,2,2,0.1891891891891892
BELLCANADA,2,4,0.05405405405405406
BELLCANADA,2,27,0.05405405405405406
BELLCANADA,2,16,0.32432432432432434
BELLCANADA,2,31,0.21621621621621623
BELLCANADA,2,8,0.02702702702702703
BELLCANADA,2,14,0.05405405405405406
BELLCANADA,2,21,0.1891891891891892
BELLCANADA,2,29,0.13513513513513514
BELLCANADA,2,45,0.05405405405405406
BELLCANADA,3,1,0.07692307692307693
BELLCANADA,3,2,0.2564102564102564
BELLCANADA,3,8,0.05128205128205128
BELLCANADA,3,12,0.2564102564102564
BELLCANADA,3,16,0.3076923076923077
BELLCANADA,3,33,0.20512820512820512
BELLCANADA,3,27,0.10256410256410256
BELLCANADA,3,21,0.1794871794871795
BELLCANADA,3,13,0.1282051282051282
BELLCANADA,4,2,0.3157894736842105
BELLCANADA,4,1,0.02631578947368421
BELLCANADA,4,8,0.05263157894736842
BELLCANADA,4,12,0.2631578947368421
BELLCANADA,4,33,0.21052631578947367
BELLCANADA,4,16,0.05263157894736842
BELLCANADA,4,21,0.18421052631578946
BELLCANADA,4,27,0.10526315789473684
BELLCANADA,4,13,0.13157894736842105
BELLCANADA,4,17,0.15789473684210525
BELLSOUTH.GRAPHML,2,35,1.3541666666666667
BELLSOUTH.GRAPHML,2,31,0.14583333333333334
BELLSOUTH.GRAPHML,2,49,0.20833333333333334
BELLSOUTH.GRAPHML,3,5,0.15555555555555556
BELLSOUTH.GRAPHML,3,31,1.1777777777777778
BELLSOUTH.GRAPHML,3,15,0.08888888888888889
BELLSOUTH.GRAPHML,3,1,0.022222222222222223
BELLSOUTH.GRAPHML,3,23,0.1111111111111111
BELLSOUTH.GRAPHML,3,45,0.022222222222222223
BELLSOUTH.GRAPHML,4,46,0.3902439024390244
BELLSOUTH.GRAPHML,4,50,0.04878048780487805
BELLSOUTH.GRAPHML,4,33,0.024390243902439025
BELLSOUTH.GRAPHML,4,42,0.024390243902439025
BELLSOUTH.GRAPHML,4,28,0.12195121951219512
BELLSOUTH.GRAPHML,4,48,0.1951219512195122
BELLSOUTH.GRAPHML,4,21,0.07317073170731707
BELLSOUTH.GRAPHML,4,26,0.0975609756097561
BELLSOUTH.GRAPHML,4,49,0.07317073170731707
BELLSOUTH.GRAPHML,4,31,0.2926829268292683
BICS.GRAPHML,2,19,0.5384615384615384
BICS.GRAPHML,2,14,0.07692307692307693
BICS.GRAPHML,2,13,0.19230769230769232
BICS.GRAPHML,2,22,0.15384615384615385
BICS.GRAPHML,2,15,0.038461538461538464
BICS.GRAPHML,2,21,0.07692307692307693
BICS.GRAPHML,2,1,0.6538461538461539
BICS.GRAPHML,3,13,0.38461538461538464
BICS.GRAPHML,3,12,0.07692307692307693
BICS.GRAPHML,3,24,0.07692307692307693
BICS.GRAPHML,3,20,0.23076923076923078
BICS.GRAPHML,3,5,0.38461538461538464
BICS.GRAPHML,3,16,0.07692307692307693
BICS.GRAPHML,3,28,0.07692307692307693
BICS.GRAPHML,4,14,0.3333333333333333
BICS.GRAPHML,4,13,0.08333333333333333
BICS.GRAPHML,4,2,0.08333333333333333
BICS.GRAPHML,4,19,0.125
BICS.GRAPHML,4,15,0.08333333333333333
BICS.GRAPHML,4,22,0.125
BICS.GRAPHML,4,5,0.25
BICS.GRAPHML,4,16,0.041666666666666664
BICS.GRAPHML,4,8,0.08333333333333333
CERNET.GRAPHML,2,21,0.5135135135135135
CERNET.GRAPHML,2,24,0.5135135135135135
CERNET.GRAPHML,2,28,0.1891891891891892
CERNET.GRAPHML,2,37,0.10810810810810811
CERNET.GRAPHML,3,9,0.3333333333333333
CERNET.GRAPHML,3,20,0.18181818181818182
CERNET.GRAPHML,3,26,0.15151515151515152
CERNET.GRAPHML,3,38,0.18181818181818182
CERNET.GRAPHML,3,14,0.15151515151515152
CERNET.GRAPHML,3,12,0.06060606060606061
CERNET.GRAPHML,3,39,0.48484848484848486
CERNET.GRAPHML,3,1,0.06060606060606061
CERNET.GRAPHML,4,38,0.1875
CERNET.GRAPHML,4,39,0.6875
CERNET.GRAPHML,4,16,0.15625
CERNET.GRAPHML,4,30,0.03125
CERNET.GRAPHML,4,26,0.03125
CERNET.GRAPHML,4,27,0.0625
CERNET.GRAPHML,4,20,0.03125
CERNET.GRAPHML,4,32,0.09375
CERNET.GRAPHML,4,25,0.28125
CESNET200706.GRAPHML,2,40,0.725
CESNET200706.GRAPHML,2,7,0.525
CESNET200706.GRAPHML,2,43,0.05
CESNET200706.GRAPHML,2,0,0.025
CESNET200706.GRAPHML,3,28,0.17142857142857143
CESNET200706.GRAPHML,3,15,0.02857142857142857
CESNET200706.GRAPHML,3,18,0.14285714285714285
CESNET200706.GRAPHML,3,14,0.08571428571428572
CESNET200706.GRAPHML,3,20,0.02857142857142857
CESNET200706.GRAPHML,3,22,0.02857142857142857
CESNET200706.GRAPHML,3,36,0.02857142857142857
CESNET200706.GRAPHML,3,43,0.7142857142857143
CESNET200706.GRAPHML,3,7,0.22857142857142856
CESNET200706.GRAPHML,4,3,0.9487179487179487
CESNET200706.GRAPHML,4,6,0.717948717948718
CESNET200706.GRAPHML,4,36,0.02564102564102564
CESNET200706.GRAPHML,4,20,0.02564102564102564
CESNET200706.GRAPHML,4,43,0.05128205128205128
CHINANET.GRAPHML,2,39,0.5142857142857142
CHINANET.GRAPHML,2,38,0.05714285714285714
CHINANET.GRAPHML,2,8,0.2
CHINANET.GRAPHML,2,28,0.2
CHINANET.GRAPHML,2,23,0.02857142857142857
CHINANET.GRAPHML,2,27,0.02857142857142857
CHINANET.GRAPHML,2,25,0.02857142857142857
CHINANET.GRAPHML,3,5,0.09090909090909091
CHINANET.GRAPHML,3,30,0.030303030303030304
CHINANET.GRAPHML,3,20,0.030303030303030304
CHINANET.GRAPHML,3,41,0.3939393939393939
CHINANET.GRAPHML,3,2,0.030303030303030304
CHINANET.GRAPHML,3,3,0.030303030303030304
CHINANET.GRAPHML,3,28,0.24242424242424243
CHINANET.GRAPHML,3,8,0.2727272727272727
CHINANET.GRAPHML,3,18,0.12121212121212122
CHINANET.GRAPHML,4,8,0.8857142857142857
CHINANET.GRAPHML,4,18,0.14285714285714285
CHINANET.GRAPHML,4,25,0.05714285714285714
CHINANET.GRAPHML,4,16,0.14285714285714285
CHINANET.GRAPHML,4,38,0.05714285714285714
CHINANET.GRAPHML,4,23,0.02857142857142857
CHINANET.GRAPHML,4,33,0.02857142857142857
COGENTCO.GRAPHML,2,183,1.2010582010582012
COGENTCO.GRAPHML,2,165,0.12698412698412698
COGENTCO.GRAPHML,2,158,0.021164021164021163
COGENTCO.GRAPHML,2,154,1.1111111111111112
COGENTCO.GRAPHML,2,8,0.5925925925925926
COGENTCO.GRAPHML,2,1,0.08465608465608465
COGENTCO.GRAPHML,2,77,0.20634920634920634
COGENTCO.GRAPHML,2,37,1.0952380952380953
COGENTCO.GRAPHML,3,1,0.11173184357541899
COGENTCO.GRAPHML,3,8,0.0670391061452514
COGENTCO.GRAPHML,3,7,0.11731843575418995
COGENTCO.GRAPHML,3,12,0.0223463687150838
COGENTCO.GRAPHML,3,2,0.01675977653631285
COGENTCO.GRAPHML,3,37,0.0335195530726257
COGENTCO.GRAPHML,3,183,0.2011173184357542
COGENTCO.GRAPHML,3,4,0.0893854748603352
COGENTCO.GRAPHML,3,13,0.03910614525139665
COGENTCO.GRAPHML,3,38,0.11173184357541899
COGENTCO.GRAPHML,3,14,0.8324022346368715
COGENTCO.GRAPHML,3,19,0.18994413407821228
COGENTCO.GRAPHML,3,77,0.11731843575418995
COGENTCO.GRAPHML,3,158,0.10614525139664804
COGENTCO.GRAPHML,3,92,0.10614525139664804
COGENTCO.GRAPHML,3,26,0.08379888268156424
COGENTCO.GRAPHML,3,5,0.25139664804469275
COGENTCO.GRAPHML,3,28,0.2122905027932961
COGENTCO.GRAPHML,4,1,0.11428571428571428
COGENTCO.GRAPHML,4,8,0.06857142857142857
COGENTCO.GRAPHML,4,7,0.12
COGENTCO.GRAPHML,4,2,0.005714285714285714
COGENTCO.GRAPHML,4,12,0.005714285714285714
COGENTCO.GRAPHML,4,4,0.09142857142857143
COGENTCO.GRAPHML,4,38,0.08571428571428572
COGENTCO.GRAPHML,4,14,0.8571428571428571
COGENTCO.GRAPHML,4,13,0.03428571428571429
COGENTCO.GRAPHML,4,19,0.19428571428571428
COGENTCO.GRAPHML,4,5,0.2571428571428571
COGENTCO.GRAPHML,4,158,0.045714285714285714
COGENTCO.GRAPHML,4,37,0.03428571428571429
COGENTCO.GRAPHML,4,28,0.21714285714285714
COGENTCO.GRAPHML,4,183,0.15428571428571428
COGENTCO.GRAPHML,4,92,0.10857142857142857
COGENTCO.GRAPHML,4,77,0.12
COGENTCO.GRAPHML,4,32,0.005714285714285714
COGENTCO.GRAPHML,4,26,0.08571428571428572
COGENTCO.GRAPHML,4,70,0.017142857142857144
COGENTCO.GRAPHML,4,75,0.005714285714285714
COGENTCO.GRAPHML,4,49,0.045714285714285714
COLT.GRAPHML,2,152,0.5570469798657718
COLT.GRAPHML,2,138,0.5100671140939598
COLT.GRAPHML,2,140,1.832214765100671
COLT.GRAPHML,2,142,1.523489932885906
COLT.GRAPHML,3,72,0.23140495867768596
COLT.GRAPHML,3,2,0.05785123966942149
COLT.GRAPHML,3,18,0.14049586776859505
COLT.GRAPHML,3,13,0.09090909090909091
COLT.GRAPHML,3,10,0.08264462809917356
COLT.GRAPHML,3,0,0.03305785123966942
COLT.GRAPHML,3,21,0.10743801652892562
COLT.GRAPHML,3,106,0.008264462809917356
COLT.GRAPHML,3,109,0.008264462809917356
COLT.GRAPHML,3,138,0.03305785123966942
COLT.GRAPHML,3,14,0.024793388429752067
COLT.GRAPHML,3,68,0.01652892561983471
COLT.GRAPHML,3,78,0.03305785123966942
COLT.GRAPHML,3,17,0.05785123966942149
COLT.GRAPHML,3,15,0.01652892561983471
COLT.GRAPHML,3,53,0.11570247933884298
COLT.GRAPHML,3,23,0.024793388429752067
COLT.GRAPHML,3,75,0.12396694214876033
COLT.GRAPHML,3,51,0.01652892561983471
COLT.GRAPHML,3,60,0.008264462809917356
COLT.GRAPHML,3,39,0.01652892561983471
COLT.GRAPHML,3,74,0.05785123966942149
COLT.GRAPHML,3,84,0.008264462809917356
COLT.GRAPHML,3,63,0.008264462809917356
COLT.GRAPHML,3,139,0.06611570247933884
COLT.GRAPHML,3,73,0.01652892561983471
COLT.GRAPHML,3,107,0.01652892561983471
COLT.GRAPHML,3,49,0.024793388429752067
COLT.GRAPHML,3,123,0.01652892561983471
COLT.GRAPHML,3,86,0.01652892561983471
COLT.GRAPHML,3,136,0.008264462809917356
COLT.GRAPHML,3,80,0.008264462809917356
COLT.GRAPHML,4,66,0.20300751879699247
COLT.GRAPHML,4,72,0.07518796992481203
COLT.GRAPHML,4,2,0.05263157894736842
COLT.GRAPHML,4,10,0.07518796992481203
COLT.GRAPHML,4,18,0.24812030075187969
COLT.GRAPHML,4,13,0.06766917293233082
COLT.GRAPHML,4,0,0.03007518796992481
COLT.GRAPHML,4,138,0.5714285714285714
COLT.GRAPHML,4,16,0.022556390977443608
COLT.GRAPHML,4,106,0.007518796992481203
COLT.GRAPHML,4,109,0.022556390977443608
COLT.GRAPHML,4,17,0.09774436090225563
COLT.GRAPHML,4,21,0.13533834586466165
COLT.GRAPHML,4,54,0.45112781954887216
COLT.GRAPHML,4,14,0.007518796992481203
COLT.GRAPHML,4,140,0.08270676691729323
COLT.GRAPHML,4,68,0.007518796992481203
COLT.GRAPHML,4,78,0.015037593984962405
COLT.GRAPHML,4,51,0.12030075187969924
COLT.GRAPHML,4,12,0.007518796992481203
DELTACOM.GRAPHML,2,47,2.324074074074074
DELTACOM.GRAPHML,2,104,0.25925925925925924
DELTACOM.GRAPHML,2,60,0.046296296296296294
DELTACOM.GRAPHML,2,3,0.7685185185185185
DELTACOM.GRAPHML,2,19,0.35185185185185186
DELTACOM.GRAPHML,3,3,0.16346153846153846
DELTACOM.GRAPHML,3,47,1.1923076923076923
DELTACOM.GRAPHML,3,0,0.21153846153846154
DELTACOM.GRAPHML,3,4,0.019230769230769232
DELTACOM.GRAPHML,3,6,0.22115384615384615
DELTACOM.GRAPHML,3,60,0.2403846153846154
DELTACOM.GRAPHML,3,19,0.3557692307692308
DELTACOM.GRAPHML,3,1,0.009615384615384616
DELTACOM.GRAPHML,3,2,0.8653846153846154
DELTACOM.GRAPHML,4,3,0.21153846153846154
DELTACOM.GRAPHML,4,47,1.1923076923076923
DELTACOM.GRAPHML,4,0,0.21153846153846154
DELTACOM.GRAPHML,4,6,0.22115384615384615
DELTACOM.GRAPHML,4,60,0.18269230769230768
DELTACOM.GRAPHML,4,1,0.009615384615384616
DELTACOM.GRAPHML,4,19,0.33653846153846156
DELTACOM.GRAPHML,4,2,0.8653846153846154
DELTACOM.GRAPHML,4,10,0.028846153846153848
GARR201110.GRAPHML,2,14,0.5370370370370371
GARR201110.GRAPHML,2,53,0.25925925925925924
GARR201110.GRAPHML,2,35,0.3148148148148148
GARR201110.GRAPHML,2,33,0.05555555555555555
GARR201110.GRAPHML,2,18,0.3148148148148148
GARR201110.GRAPHML,3,56,0.34782608695652173
GARR201110.GRAPHML,3,16,0.17391304347826086
GARR201110.GRAPHML,3,20,0.2391304347826087
GARR201110.GRAPHML,3,43,0.08695652173913043
GARR201110.GRAPHML,3,1,0.06521739130434782
GARR201110.GRAPHML,3,40,0.15217391304347827
GARR201110.GRAPHML,3,13,0.10869565217391304
GARR201110.GRAPHML,3,39,0.06521739130434782
GARR201110.GRAPHML,3,51,0.021739130434782608
GARR201110.GRAPHML,3,52,0.021739130434782608
GARR201110.GRAPHML,3,58,0.021739130434782608
GARR201110.GRAPHML,3,33,0.08695652173913043
GARR201110.GRAPHML,3,14,0.1956521739130435
GARR201110.GRAPHML,4,51,0.02
GARR201110.GRAPHML,4,50,0.14
GARR201110.GRAPHML,4,55,0.44
GARR201110.GRAPHML,4,39,0.5
GARR201110.GRAPHML,4,49,0.32
GARR201110.GRAPHML,4,30,0.12
GARR201110.GRAPHML,4,43,0.08
GARR201110.GRAPHML,4,57,0.32
GARR201110.GRAPHML,4,7,0.06
GEANT2001,2,3,0.5
GEANT2001,2,20,0.045454545454545456
GEANT2001,2,2,0.2727272727272727
GEANT2001,2,21,0.18181818181818182
GEANT2001,2,9,0.22727272727272727
GEANT2001,3,7,0.14285714285714285
GEANT2001,3,19,0.047619047619047616
GEANT2001,3,5,0.2857142857142857
GEANT2001,3,20,0.6666666666666666
GEANT2001,3,18,0.047619047619047616
GEANT2001,3,9,0.14285714285714285
GEANT2001,4,26,0.2857142857142857
GEANT2001,4,17,0.19047619047619047
GEANT2001,4,25,0.47619047619047616
GEANT2001,4,11,0.14285714285714285
GEANT2001,4,12,0.38095238095238093
GEANT2001,4,7,0.09523809523809523
GRNET.GRAPHML,2,20,0.25806451612903225
GRNET.GRAPHML,2,30,0.5806451612903226
GRNET.GRAPHML,2,8,0.2903225806451613
GRNET.GRAPHML,2,2,0.0967741935483871
GRNET.GRAPHML,2,15,0.06451612903225806
GRNET.GRAPHML,2,24,0.16129032258064516
GRNET.GRAPHML,3,5,0.5454545454545454
GRNET.GRAPHML,3,0,0.8787878787878788
GRNET.GRAPHML,3,26,0.8181818181818182
GRNET.GRAPHML,3,21,0.12121212121212122
GRNET.GRAPHML,4,29,0.8709677419354839
GRNET.GRAPHML,4,16,0.16129032258064516
GRNET.GRAPHML,4,9,0.06451612903225806
GRNET.GRAPHML,4,26,0.8064516129032258
GRNET.GRAPHML,4,4,0.06451612903225806
GRNET.GRAPHML,4,3,0.16129032258064516
INTELLIFIBER.GRAPHML,2,46,0.11290322580645161
INTELLIFIBER.GRAPHML,2,15,0.25806451612903225
INTELLIFIBER.GRAPHML,2,44,0.04838709677419355
INTELLIFIBER.GRAPHML,2,23,0.03225806451612903
INTELLIFIBER.GRAPHML,2,19,0.1774193548387097
INTELLIFIBER.GRAPHML,2,53,0.11290322580645161
INTELLIFIBER.GRAPHML,2,6,1.1129032258064515
INTELLIFIBER.GRAPHML,2,55,0.04838709677419355
INTELLIFIBER.GRAPHML,2,24,0.1935483870967742
INTELLIFIBER.GRAPHML,2,34,0.08064516129032258
INTELLIFIBER.GRAPHML,2,41,0.016129032258064516
INTELLIFIBER.GRAPHML,3,15,0.288135593220339
INTELLIFIBER.GRAPHML,3,1,0.2711864406779661
INTELLIFIBER.GRAPHML,3,19,0.22033898305084745
INTELLIFIBER.GRAPHML,3,5,0.03389830508474576
INTELLIFIBER.GRAPHML,3,7,0.06779661016949153
INTELLIFIBER.GRAPHML,3,2,0.13559322033898305
INTELLIFIBER.GRAPHML,3,46,0.11864406779661017
INTELLIFIBER.GRAPHML,3,24,0.11864406779661017
INTELLIFIBER.GRAPHML,3,16,0.01694915254237288
INTELLIFIBER.GRAPHML,3,53,0.11864406779661017
INTELLIFIBER.GRAPHML,3,3,0.05084745762711865
INTELLIFIBER.GRAPHML,3,9,0.05084745762711865
INTELLIFIBER.GRAPHML,3,34,0.0847457627118644
INTELLIFIBER.GRAPHML,3,55,0.05084745762711865
INTELLIFIBER.GRAPHML,4,15,0.29310344827586204
INTELLIFIBER.GRAPHML,4,1,0.27586206896551724
INTELLIFIBER.GRAPHML,4,10,0.10344827586206896
INTELLIFIBER.GRAPHML,4,7,0.06896551724137931
INTELLIFIBER.GRAPHML,4,5,0.017241379310344827
INTELLIFIBER.GRAPHML,4,2,0.13793103448275862
INTELLIFIBER.GRAPHML,4,16,0.08620689655172414
INTELLIFIBER.GRAPHML,4,46,0.05172413793103448
INTELLIFIBER.GRAPHML,4,24,0.1206896551724138
INTELLIFIBER.GRAPHML,4,9,0.05172413793103448
INTELLIFIBER.GRAPHML,4,3,0.05172413793103448
INTELLIFIBER.GRAPHML,4,53,0.15517241379310345
INTELLIFIBER.GRAPHML,4,34,0.08620689655172414
INTELLIFIBER.GRAPHML,4,20,0.10344827586206896
INTELLIFIBER.GRAPHML,4,45,0.017241379310344827
INTEROUTE.GRAPHML,2,43,0.047058823529411764
INTEROUTE.GRAPHML,2,32,0.023529411764705882
INTEROUTE.GRAPHML,2,10,0.08235294117647059
INTEROUTE.GRAPHML,2,16,0.03529411764705882
INTEROUTE.GRAPHML,2,18,0.12941176470588237
INTEROUTE.GRAPHML,2,56,0.03529411764705882
INTEROUTE.GRAPHML,2,84,0.08235294117647059
INTEROUTE.GRAPHML,2,57,0.058823529411764705
INTEROUTE.GRAPHML,2,40,0.03529411764705882
INTEROUTE.GRAPHML,2,7,0.058823529411764705
INTEROUTE.GRAPHML,2,33,0.047058823529411764
INTEROUTE.GRAPHML,2,42,0.011764705882352941
INTEROUTE.GRAPHML,2,50,0.12941176470588237
INTEROUTE.GRAPHML,2,72,0.011764705882352941
INTEROUTE.GRAPHML,2,11,0.08235294117647059
INTEROUTE.GRAPHML,2,38,0.023529411764705882
INTEROUTE.GRAPHML,2,45,0.07058823529411765
INTEROUTE.GRAPHML,2,49,0.023529411764705882
INTEROUTE.GRAPHML,2,53,0.2235294117647059
INTEROUTE.GRAPHML,2,37,0.08235294117647059
INTEROUTE.GRAPHML,2,52,0.047058823529411764
INTEROUTE.GRAPHML,2,63,0.011764705882352941
INTEROUTE.GRAPHML,2,101,0.047058823529411764
INTEROUTE.GRAPHML,2,41,0.011764705882352941
INTEROUTE.GRAPHML,2,51,0.07058823529411765
INTEROUTE.GRAPHML,3,32,0.08536585365853659
INTEROUTE.GRAPHML,3,3,0.036585365853658534
INTEROUTE.GRAPHML,3,16,0.07317073170731707
INTEROUTE.GRAPHML,3,56,0.036585365853658534
INTEROUTE.GRAPHML,3,11,0.08536585365853659
INTEROUTE.GRAPHML,3,43,0.04878048780487805
INTEROUTE.GRAPHML,3,2,0.012195121951219513
INTEROUTE.GRAPHML,3,10,0.04878048780487805
INTEROUTE.GRAPHML,3,42,0.024390243902439025
INTEROUTE.GRAPHML,3,50,0.13414634146341464
INTEROUTE.GRAPHML,3,57,0.036585365853658534
INTEROUTE.GRAPHML,3,31,0.024390243902439025
INTEROUTE.GRAPHML,3,37,0.024390243902439025
INTEROUTE.GRAPHML,3,52,0.0975609756097561
INTEROUTE.GRAPHML,3,38,0.04878048780487805
INTEROUTE.GRAPHML,3,45,0.07317073170731707
INTEROUTE.GRAPHML,3,49,0.012195121951219513
INTEROUTE.GRAPHML,3,53,0.10975609756097561
INTEROUTE.GRAPHML,3,40,0.024390243902439025
INTEROUTE.GRAPHML,3,36,0.04878048780487805
INTEROUTE.GRAPHML,3,0,0.012195121951219513
INTEROUTE.GRAPHML,3,1,0.012195121951219513
INTEROUTE.GRAPHML,3,13,0.024390243902439025
INTEROUTE.GRAPHML,3,34,0.024390243902439025
INTEROUTE.GRAPHML,3,30,0.07317073170731707
INTEROUTE.GRAPHML,3,41,0.012195121951219513
INTEROUTE.GRAPHML,3,51,0.07317073170731707
INTEROUTE.GRAPHML,3,63,0.012195121951219513
INTEROUTE.GRAPHML,4,32,0.11764705882352941
INTEROUTE.GRAPHML,4,3,0.07058823529411765
INTEROUTE.GRAPHML,4,56,0.12941176470588237
INTEROUTE.GRAPHML,4,11,0.09411764705882353
INTEROUTE.GRAPHML,4,43,0.047058823529411764
INTEROUTE.GRAPHML,4,2,0.03529411764705882
INTEROUTE.GRAPHML,4,10,0.047058823529411764
INTEROUTE.GRAPHML,4,50,0.12941176470588237
INTEROUTE.GRAPHML,4,42,0.023529411764705882
INTEROUTE.GRAPHML,4,31,0.023529411764705882
INTEROUTE.GRAPHML,4,52,0.10588235294117647
INTEROUTE.GRAPHML,4,37,0.023529411764705882
INTEROUTE.GRAPHML,4,57,0.03529411764705882
INTEROUTE.GRAPHML,4,45,0.07058823529411765
INTEROUTE.GRAPHML,4,53,0.10588235294117647
INTEROUTE.GRAPHML,4,36,0.047058823529411764
INTEROUTE.GRAPHML,4,40,0.023529411764705882
INTEROUTE.GRAPHML,4,1,0.011764705882352941
INTEROUTE.GRAPHML,4,0,0.011764705882352941
INTEROUTE.GRAPHML,4,13,0.023529411764705882
INTEROUTE.GRAPHML,4,34,0.023529411764705882
INTEROUTE.GRAPHML,4,30,0.07058823529411765
INTEROUTE.GRAPHML,4,41,0.011764705882352941
INTEROUTE.GRAPHML,4,51,0.08235294117647059
INTEROUTE.GRAPHML,4,63,0.023529411764705882
ION.GRAPHML,2,74,0.01904761904761905
ION.GRAPHML,2,29,0.047619047619047616
ION.GRAPHML,2,105,0.009523809523809525
ION.GRAPHML,2,110,0.009523809523809525
ION.GRAPHML,2,112,0.02857142857142857
ION.GRAPHML,2,48,0.23809523809523808
ION.GRAPHML,2,67,0.23809523809523808
ION.GRAPHML,2,113,0.02857142857142857
ION.GRAPHML,2,3,0.09523809523809523
ION.GRAPHML,2,64,0.4095238095238095
ION.GRAPHML,2,76,0.047619047619047616
ION.GRAPHML,2,111,0.01904761904761905
ION.GRAPHML,2,117,0.08571428571428572
ION.GRAPHML,2,33,0.02857142857142857
ION.GRAPHML,2,59,0.37142857142857144
ION.GRAPHML,2,100,0.18095238095238095
ION.GRAPHML,2,106,0.009523809523809525
ION.GRAPHML,2,107,0.10476190476190476
ION.GRAPHML,2,121,0.11428571428571428
ION.GRAPHML,2,123,0.06666666666666667
ION.GRAPHML,3,5,0.1
ION.GRAPHML,3,29,0.05
ION.GRAPHML,3,33,0.03
ION.GRAPHML,3,2,0.01
ION.GRAPHML,3,74,0.01
ION.GRAPHML,3,9,0.16
ION.GRAPHML,3,1,0.06
ION.GRAPHML,3,105,0.01
ION.GRAPHML,3,21,0.14
ION.GRAPHML,3,26,0.12
ION.GRAPHML,3,14,0.02
ION.GRAPHML,3,72,0.19
ION.GRAPHML,3,48,0.15
ION.GRAPHML,3,30,0.01
ION.GRAPHML,3,18,0.12
ION.GRAPHML,3,8,0.01
ION.GRAPHML,3,10,0.1
ION.GRAPHML,3,110,0.08
ION.GRAPHML,3,67,0.16
ION.GRAPHML,3,20,0.1
ION.GRAPHML,3,0,0.01
ION.GRAPHML,3,59,0.13
ION.GRAPHML,3,19,0.01
ION.GRAPHML,3,28,0.11
ION.GRAPHML,3,112,0.02
ION.GRAPHML,4,5,0.10101010101010101
ION.GRAPHML,4,33,0.030303030303030304
ION.GRAPHML,4,29,0.050505050505050504
ION.GRAPHML,4,2,0.010101010101010102
ION.GRAPHML,4,74,0.010101010101010102
ION.GRAPHML,4,9,0.1717171717171717
ION.GRAPHML,4,1,0.04040404040404041
ION.GRAPHML,4,105,0.010101010101010102
ION.GRAPHML,4,15,0.010101010101010102
ION.GRAPHML,4,14,0.010101010101010102
ION.GRAPHML,4,72,0.1919191919191919
ION.GRAPHML,4,26,0.12121212121212122
ION.GRAPHML,4,22,0.1414141414141414
ION.GRAPHML,4,32,0.010101010101010102
ION.GRAPHML,4,10,0.1111111111111111
ION.GRAPHML,4,8,0.010101010101010102
ION.GRAPHML,4,48,0.09090909090909091
ION.GRAPHML,4,18,0.1111111111111111
ION.GRAPHML,4,110,0.08080808080808081
ION.GRAPHML,4,20,0.10101010101010101
ION.GRAPHML,4,67,0.16161616161616163
ION.GRAPHML,4,59,0.13131313131313133
ION.GRAPHML,4,19,0.010101010101010102
ION.GRAPHML,4,28,0.12121212121212122
ION.GRAPHML,4,112,0.020202020202020204
ION.GRAPHML,4,49,0.030303030303030304
JANETBACKBONE.GRAPHML,2,13,0.16666666666666666
JANETBACKBONE.GRAPHML,2,12,0.375
JANETBACKBONE.GRAPHML,2,17,0.2916666666666667
JANETBACKBONE.GRAPHML,2,14,0.125
JANETBACKBONE.GRAPHML,2,11,0.125
JANETBACKBONE.GRAPHML,3,14,0.38095238095238093
JANETBACKBONE.GRAPHML,3,3,0.23809523809523808
JANETBACKBONE.GRAPHML,3,15,0.47619047619047616
JANETBACKBONE.GRAPHML,3,25,0.047619047619047616
JANETBACKBONE.GRAPHML,3,20,0.047619047619047616
JANETBACKBONE.GRAPHML,3,1,0.047619047619047616
JANETBACKBONE.GRAPHML,3,22,0.047619047619047616
JANETBACKBONE.GRAPHML,3,27,0.047619047619047616
JANETBACKBONE.GRAPHML,4,27,0.3333333333333333
JANETBACKBONE.GRAPHML,4,22,0.09523809523809523
JANETBACKBONE.GRAPHML,4,28,0.047619047619047616
JANETBACKBONE.GRAPHML,4,16,0.5714285714285714
JANETBACKBONE.GRAPHML,4,20,0.047619047619047616
JANETBACKBONE.GRAPHML,4,15,0.23809523809523808
JANETBACKBONE.GRAPHML,4,25,0.047619047619047616
JANETBACKBONE.GRAPHML,4,14,0.14285714285714285
KDL,2,408,0.024045261669024046
KDL,2,201,0.005657708628005658
KDL,2,715,0.16407355021216408
KDL,2,52,0.04101838755304102
KDL,2,512,0.036775106082036775
KDL,2,98,0.019801980198019802
KDL,2,233,0.05799151343705799
KDL,2,25,0.18387553041018387
KDL,2,670,0.3338048090523338
KDL,2,230,0.039603960396039604
KDL,2,495,0.018387553041018388
KDL,2,509,0.005657708628005658
KDL,2,131,0.29985855728429983
KDL,2,196,0.13012729844413012
KDL,2,594,0.04101838755304102
KDL,2,204,0.002828854314002829
KDL,2,195,0.026874115983026876
KDL,2,428,0.3437057991513437
KDL,2,624,0.018387553041018388
KDL,2,704,0.036775106082036775
KDL,2,725,0.014144271570014143
KDL,2,162,0.036775106082036775
KDL,2,32,0.03253182461103253
KDL,2,553,0.055162659123055166
KDL,2,137,0.02545968882602546
KDL,2,200,0.0014144271570014145
KDL,2,561,0.016973125884016973
KDL,2,18,0.014144271570014143
KDL,2,151,0.05233380480905234
KDL,2,293,0.06223479490806223
KDL,2,455,0.25035360678925034
KDL,2,472,0.11598302687411598
KDL,2,680,0.016973125884016973
KDL,2,588,0.5968882602545968
KDL,2,74,0.04950495049504951
KDL,2,147,0.2743988684582744
KDL,2,315,0.10608203677510608
KDL,2,354,0.007072135785007072
KDL,2,487,0.015558698727015558
KDL,2,571,0.2913719943422914
KDL,2,590,0.007072135785007072
KDL,2,690,0.01272984441301273
KDL,2,741,0.004243281471004243
KDL,2,87,0.0014144271570014145
KDL,2,508,0.0014144271570014145
KDL,2,613,0.004243281471004243
KDL,2,729,0.0014144271570014145
KDL,3,201,0.006309148264984227
KDL,3,23,0.012618296529968454
KDL,3,18,0.00946372239747634
KDL,3,25,0.18769716088328076
KDL,3,137,0.16561514195583596
KDL,3,200,0.0015772870662460567
KDL,3,24,0.006309148264984227
KDL,3,162,0.017350157728706624
KDL,3,16,0.017350157728706624
KDL,3,32,0.025236593059936908
KDL,3,131,0.00473186119873817
KDL,3,40,0.011041009463722398
KDL,3,230,0.04258675078864353
KDL,3,408,0.00473186119873817
KDL,3,84,0.00473186119873817
KDL,3,74,0.006309148264984227
KDL,3,99,0.012618296529968454
KDL,3,196,0.014195583596214511
KDL,3,233,0.06782334384858044
KDL,3,28,0.0015772870662460567
KDL,3,39,0.00946372239747634
KDL,3,5,0.014195583596214511
KDL,3,6,0.00946372239747634
KDL,3,95,0.0031545741324921135
KDL,3,63,0.09305993690851735
KDL,3,42,0.00473186119873817
KDL,3,41,0.0031545741324921135
KDL,3,17,0.00946372239747634
KDL,3,195,0.025236593059936908
KDL,3,147,0.1529968454258675
KDL,3,128,0.0031545741324921135
KDL,3,61,0.19242902208201892
KDL,3,238,0.006309148264984227
KDL,3,495,0.025236593059936908
KDL,3,509,0.012618296529968454
KDL,3,143,0.04416403785488959
KDL,3,127,0.00473186119873817
KDL,3,0,0.00473186119873817
KDL,3,512,0.00473186119873817
KDL,3,72,0.02996845425867508
KDL,3,75,0.014195583596214511
KDL,3,293,0.08517350157728706
KDL,3,60,0.15141955835962145
KDL,3,64,0.0031545741324921135
KDL,3,239,0.00473186119873817
KDL,3,242,0.0015772870662460567
KDL,3,247,0.00946372239747634
KDL,3,44,0.014195583596214511
KDL,3,171,0.0015772870662460567
KDL,3,22,0.08517350157728706
KDL,3,112,0.006309148264984227
KDL,3,71,0.1167192429022082
KDL,3,79,0.0015772870662460567
KDL,3,65,0.00946372239747634
KDL,3,561,0.022082018927444796
KDL,3,20,0.00473186119873817
KDL,3,21,0.00946372239747634
KDL,3,205,0.015772870662460567
KDL,3,182,0.011041009463722398
KDL,3,153,0.012618296529968454
KDL,3,161,0.01892744479495268
KDL,3,1,0.00473186119873817
KDL,3,2,0.03785488958990536
KDL,3,3,0.0015772870662460567
KDL,3,4,0.0015772870662460567
KDL,3,411,0.00473186119873817
KDL,3,110,0.015772870662460567
KDL,3,130,0.0015772870662460567
KDL,3,106,0.0015772870662460567
KDL,3,338,0.0015772870662460567
KDL,3,83,0.006309148264984227
KDL,3,76,0.02996845425867508
KDL,3,320,0.015772870662460567
KDL,3,315,0.006309148264984227
KDL,3,262,0.0031545741324921135
KDL,3,50,0.006309148264984227
KDL,3,54,0.0015772870662460567
KDL,3,234,0.0015772870662460567
KDL,3,206,0.0031545741324921135
KDL,3,8,0.02365930599369085
KDL,3,9,0.0946372239747634
KDL,3,10,0.0015772870662460567
KDL,3,11,0.00473186119873817
KDL,3,12,0.025236593059936908
KDL,3,438,0.007886435331230283
KDL,3,455,0.03470031545741325
KDL,3,472,0.11987381703470032
KDL,3,390,0.006309148264984227
KDL,3,125,0.006309148264984227
KDL,3,428,0.04574132492113565
KDL,3,100,0.00473186119873817
KDL,3,354,0.03785488958990536
KDL,3,314,0.006309148264984227
KDL,3,56,0.0015772870662460567
KDL,3,58,0.00473186119873817
KDL,3,19,0.00946372239747634
KDL,3,26,0.00473186119873817
KDL,3,31,0.0031545741324921135
KDL,3,183,0.00473186119873817
KDL,3,466,0.028391167192429023
KDL,3,140,0.04574132492113565
KDL,3,145,0.0031545741324921135
KDL,3,149,0.007886435331230283
KDL,3,105,0.015772870662460567
KDL,3,107,0.00473186119873817
KDL,3,126,0.16876971608832808
KDL,3,68,0.0015772870662460567
KDL,3,302,0.015772870662460567
KDL,3,268,0.0031545741324921135
KDL,3,594,0.006309148264984227
KDL,3,226,0.0015772870662460567
KDL,3,246,0.0015772870662460567
KDL,3,505,0.015772870662460567
KDL,3,141,0.017350157728706624
KDL,3,158,0.0015772870662460567
KDL,3,160,0.0015772870662460567
KDL,3,487,0.0031545741324921135
KDL,3,424,0.028391167192429023
KDL,3,85,0.00946372239747634
KDL,3,102,0.03943217665615142
KDL,4,201,0.006299212598425197
KDL,4,18,0.009448818897637795
KDL,4,23,0.012598425196850394
KDL,4,25,0.18740157480314962
KDL,4,137,0.16535433070866143
KDL,4,87,0.006299212598425197
KDL,4,200,0.0015748031496062992
KDL,4,24,0.006299212598425197
KDL,4,32,0.025196850393700787
KDL,4,162,0.01732283464566929
KDL,4,16,0.014173228346456693
KDL,4,131,0.004724409448818898
KDL,4,408,0.004724409448818898
KDL,4,40,0.011023622047244094
KDL,4,230,0.04251968503937008
KDL,4,84,0.02047244094488189
KDL,4,74,0.006299212598425197
KDL,4,233,0.06771653543307087
KDL,4,196,0.014173228346456693
KDL,4,99,0.007874015748031496
KDL,4,39,0.009448818897637795
KDL,4,28,0.0015748031496062992
KDL,4,6,0.02204724409448819
KDL,4,5,0.0015748031496062992
KDL,4,95,0.0031496062992125984
KDL,4,63,0.09291338582677165
KDL,4,42,0.004724409448818898
KDL,4,41,0.0031496062992125984
KDL,4,195,0.025196850393700787
KDL,4,147,0.15275590551181104
KDL,4,17,0.009448818897637795
KDL,4,128,0.0031496062992125984
KDL,4,61,0.1921259842519685
KDL,4,238,0.006299212598425197
KDL,4,509,0.012598425196850394
KDL,4,495,0.02047244094488189
KDL,4,512,0.004724409448818898
KDL,4,143,0.04409448818897638
KDL,4,127,0.004724409448818898
KDL,4,0,0.004724409448818898
KDL,4,293,0.08503937007874016
KDL,4,75,0.014173228346456693
KDL,4,72,0.029921259842519685
KDL,4,64,0.0031496062992125984
KDL,4,60,0.15118110236220472
KDL,4,247,0.009448818897637795
KDL,4,242,0.0015748031496062992
KDL,4,239,0.004724409448818898
KDL,4,44,0.014173228346456693
KDL,4,22,0.08503937007874016
KDL,4,171,0.0015748031496062992
KDL,4,112,0.006299212598425197
KDL,4,79,0.0015748031496062992
KDL,4,71,0.11653543307086614
KDL,4,65,0.009448818897637795
KDL,4,561,0.02204724409448819
KDL,4,205,0.015748031496062992
KDL,4,182,0.011023622047244094
KDL,4,21,0.009448818897637795
KDL,4,20,0.004724409448818898
KDL,4,161,0.01889763779527559
KDL,4,153,0.012598425196850394
KDL,4,411,0.004724409448818898
KDL,4,130,0.0015748031496062992
KDL,4,110,0.015748031496062992
KDL,4,106,0.0015748031496062992
KDL,4,4,0.0015748031496062992
KDL,4,3,0.0015748031496062992
KDL,4,2,0.03779527559055118
KDL,4,1,0.004724409448818898
KDL,4,338,0.0015748031496062992
KDL,4,83,0.006299212598425197
KDL,4,320,0.015748031496062992
KDL,4,315,0.006299212598425197
KDL,4,76,0.029921259842519685
KDL,4,262,0.0031496062992125984
KDL,4,54,0.0015748031496062992
KDL,4,50,0.006299212598425197
KDL,4,234,0.0015748031496062992
KDL,4,206,0.0031496062992125984
KDL,4,438,0.007874015748031496
KDL,4,472,0.11968503937007874
KDL,4,455,0.03464566929133858
KDL,4,13,0.0031496062992125984
KDL,4,12,0.03464566929133858
KDL,4,10,0.0031496062992125984
KDL,4,9,0.08503937007874016
KDL,4,8,0.023622047244094488
KDL,4,390,0.006299212598425197
KDL,4,428,0.10551181102362205
KDL,4,125,0.006299212598425197
KDL,4,354,0.03779527559055118
KDL,4,100,0.004724409448818898
KDL,4,314,0.006299212598425197
KDL,4,58,0.004724409448818898
KDL,4,56,0.0015748031496062992
KDL,4,183,0.004724409448818898
KDL,4,31,0.0031496062992125984
KDL,4,26,0.004724409448818898
KDL,4,19,0.009448818897637795
KDL,4,466,0.028346456692913385
KDL,4,149,0.007874015748031496
KDL,4,145,0.0031496062992125984
KDL,4,140,0.04566929133858268
KDL,4,126,0.16850393700787403
KDL,4,107,0.004724409448818898
KDL,4,105,0.023622047244094488
KDL,4,302,0.015748031496062992
KDL,4,68,0.0015748031496062992
KDL,4,594,0.007874015748031496
KDL,4,268,0.0015748031496062992
KDL,4,246,0.0015748031496062992
KDL,4,226,0.0015748031496062992
KDL,4,505,0.015748031496062992
KDL,4,487,0.0031496062992125984
KDL,4,160,0.0015748031496062992
KDL,4,158,0.0015748031496062992
KDL,4,141,0.01732283464566929
KDL,4,424,0.028346456692913385
LATNET.GRAPHML,2,30,1.5692307692307692
LATNET.GRAPHML,2,42,0.16923076923076924
LATNET.GRAPHML,2,48,0.1076923076923077
LATNET.GRAPHML,2,22,0.06153846153846154
LATNET.GRAPHML,3,23,1.1379310344827587
LATNET.GRAPHML,3,6,0.20689655172413793
LATNET.GRAPHML,3,56,0.017241379310344827
LATNET.GRAPHML,3,66,0.10344827586206896
LATNET.GRAPHML,3,19,0.06896551724137931
LATNET.GRAPHML,3,38,0.5172413793103449
LATNET.GRAPHML,3,11,0.05172413793103448
LATNET.GRAPHML,3,63,0.034482758620689655
LATNET.GRAPHML,3,5,0.017241379310344827
LATNET.GRAPHML,3,20,0.017241379310344827
LATNET.GRAPHML,3,32,0.017241379310344827
LATNET.GRAPHML,4,48,2.203125
LATNET.GRAPHML,4,42,0.171875
LATNET.GRAPHML,4,10,0.015625
LATNET.GRAPHML,4,22,0.09375
LATNET.GRAPHML,4,63,0.03125
MISSOURI.GRAPHML,2,4,0.08163265306122448
MISSOURI.GRAPHML,2,62,0.04081632653061224
MISSOURI.GRAPHML,2,17,0.2857142857142857
MISSOURI.GRAPHML,2,34,0.04081632653061224
MISSOURI.GRAPHML,2,41,0.04081632653061224
MISSOURI.GRAPHML,2,2,0.08163265306122448
MISSOURI.GRAPHML,2,30,0.14285714285714285
MISSOURI.GRAPHML,2,7,0.02040816326530612
MISSOURI.GRAPHML,2,11,0.02040816326530612
MISSOURI.GRAPHML,2,16,0.20408163265306123
MISSOURI.GRAPHML,2,42,0.12244897959183673
MISSOURI.GRAPHML,2,45,0.04081632653061224
MISSOURI.GRAPHML,2,58,0.04081632653061224
MISSOURI.GRAPHML,2,61,0.02040816326530612
MISSOURI.GRAPHML,2,9,0.08163265306122448
MISSOURI.GRAPHML,2,14,0.02040816326530612
MISSOURI.GRAPHML,2,49,0.14285714285714285
MISSOURI.GRAPHML,2,66,0.1836734693877551
MISSOURI.GRAPHML,3,1,0.38461538461538464
MISSOURI.GRAPHML,3,17,0.2692307692307692
MISSOURI.GRAPHML,3,11,0.038461538461538464
MISSOURI.GRAPHML,3,34,0.09615384615384616
MISSOURI.GRAPHML,3,41,0.038461538461538464
MISSOURI.GRAPHML,3,9,0.057692307692307696
MISSOURI.GRAPHML,3,2,0.21153846153846154
MISSOURI.GRAPHML,3,16,0.4807692307692308
MISSOURI.GRAPHML,3,30,0.038461538461538464
MISSOURI.GRAPHML,3,5,0.019230769230769232
MISSOURI.GRAPHML,3,62,0.057692307692307696
MISSOURI.GRAPHML,3,14,0.019230769230769232
MISSOURI.GRAPHML,3,42,0.11538461538461539
MISSOURI.GRAPHML,3,45,0.038461538461538464
MISSOURI.GRAPHML,3,12,0.057692307692307696
MISSOURI.GRAPHML,4,1,0.37735849056603776
MISSOURI.GRAPHML,4,17,0.2641509433962264
MISSOURI.GRAPHML,4,11,0.1320754716981132
MISSOURI.GRAPHML,4,2,0.20754716981132076
MISSOURI.GRAPHML,4,9,0.07547169811320754
MISSOURI.GRAPHML,4,41,0.018867924528301886
MISSOURI.GRAPHML,4,16,0.4716981132075472
MISSOURI.GRAPHML,4,5,0.018867924528301886
MISSOURI.GRAPHML,4,30,0.03773584905660377
MISSOURI.GRAPHML,4,62,0.1509433962264151
MISSOURI.GRAPHML,4,14,0.018867924528301886
MISSOURI.GRAPHML,4,42,0.11320754716981132
MISSOURI.GRAPHML,4,12,0.05660377358490566
MISSOURI.GRAPHML,4,45,0.03773584905660377
NET2,2,3,0.125
NET2,2,24,0.125
NET2,2,32,0.3333333333333333
NET2,2,5,0.041666666666666664
NET2,2,4,0.041666666666666664
NET2,2,15,0.041666666666666664
NET2,2,29,0.16666666666666666
NET2,2,1,0.08333333333333333
NET2,2,9,0.16666666666666666
NET2,2,17,0.041666666666666664
NET2,3,3,0.2
NET2,3,4,0.08
NET2,3,1,0.12
NET2,3,0,0.08
NET2,3,28,0.16
NET2,3,24,0.12
NET2,3,29,0.16
NET2,3,9,0.2
NET2,3,17,0.04
NET2,4,3,0.2
NET2,4,4,0.08
NET2,4,1,0.12
NET2,4,0,0.08
NET2,4,28,0.16
NET2,4,24,0.12
NET2,4,29,0.16
NET2,4,9,0.2
NET2,4,17,0.04
NIIF.GRAPHML,2,32,1.411764705882353
NIIF.GRAPHML,2,23,0.23529411764705882
NIIF.GRAPHML,3,25,0.8709677419354839
NIIF.GRAPHML,3,27,0.3548387096774194
NIIF.GRAPHML,3,19,0.12903225806451613
NIIF.GRAPHML,3,1,0.0967741935483871
NIIF.GRAPHML,3,5,0.1935483870967742
NIIF.GRAPHML,4,12,0.41379310344827586
NIIF.GRAPHML,4,24,0.034482758620689655
NIIF.GRAPHML,4,17,0.27586206896551724
NIIF.GRAPHML,4,19,0.1724137931034483
NIIF.GRAPHML,4,31,0.6206896551724138
NIIF.GRAPHML,4,3,0.10344827586206896
NIIF.GRAPHML,4,5,0.20689655172413793
NOEL.GRAPHML,2,15,0.5714285714285714
NOEL.GRAPHML,2,9,0.21428571428571427
NOEL.GRAPHML,2,18,0.07142857142857142
NOEL.GRAPHML,2,0,0.2857142857142857
NOEL.GRAPHML,2,8,0.07142857142857142
NOEL.GRAPHML,3,3,0.6428571428571429
NOEL.GRAPHML,3,2,0.42857142857142855
NOEL.GRAPHML,3,4,0.14285714285714285
NOEL.GRAPHML,3,12,0.14285714285714285
NOEL.GRAPHML,3,16,0.07142857142857142
NOEL.GRAPHML,4,2,0.07142857142857142
NOEL.GRAPHML,4,0,0.35714285714285715
NOEL.GRAPHML,4,9,0.2857142857142857
NOEL.GRAPHML,4,11,0.21428571428571427
NOEL.GRAPHML,4,15,0.35714285714285715
PIONIERL3.GRAPHML,2,34,0.5882352941176471
PIONIERL3.GRAPHML,2,0,1.0294117647058822
PIONIERL3.GRAPHML,2,6,0.5
PIONIERL3.GRAPHML,2,13,0.2647058823529412
PIONIERL3.GRAPHML,3,6,0.5
PIONIERL3.GRAPHML,3,13,0.28125
PIONIERL3.GRAPHML,3,3,0.40625
PIONIERL3.GRAPHML,3,8,0.5
PIONIERL3.GRAPHML,3,20,0.09375
PIONIERL3.GRAPHML,3,35,0.09375
PIONIERL3.GRAPHML,4,0,0.42424242424242425
PIONIERL3.GRAPHML,4,6,0.5454545454545454
PIONIERL3.GRAPHML,4,13,0.36363636363636365
PIONIERL3.GRAPHML,4,3,0.3939393939393939
PIONIERL3.GRAPHML,4,1,0.48484848484848486
REDIRIS.GRAPHML,2,16,0.46153846153846156
REDIRIS.GRAPHML,2,7,0.07692307692307693
REDIRIS.GRAPHML,2,9,0.07692307692307693
REDIRIS.GRAPHML,2,12,0.15384615384615385
REDIRIS.GRAPHML,2,3,0.15384615384615385
REDIRIS.GRAPHML,2,6,0.07692307692307693
REDIRIS.GRAPHML,3,0,0.16666666666666666
REDIRIS.GRAPHML,3,8,0.08333333333333333
REDIRIS.GRAPHML,3,13,0.08333333333333333
REDIRIS.GRAPHML,3,4,0.08333333333333333
REDIRIS.GRAPHML,3,10,0.16666666666666666
REDIRIS.GRAPHML,3,18,0.3333333333333333
REDIRIS.GRAPHML,3,12,0.16666666666666666
REDIRIS.GRAPHML,4,3,0.9333333333333333
REDIRIS.GRAPHML,4,6,0.26666666666666666
REDIRIS.GRAPHML,4,13,0.13333333333333333
REDIRIS.GRAPHML,4,8,0.06666666666666667
RENATER2010.GRAPHML,2,31,1.2
RENATER2010.GRAPHML,2,32,0.775
RENATER2010.GRAPHML,2,2,0.2
RENATER2010.GRAPHML,3,5,0.6923076923076923
RENATER2010.GRAPHML,3,30,1.1025641025641026
RENATER2010.GRAPHML,3,3,0.717948717948718
RENATER2010.GRAPHML,3,13,0.15384615384615385
RENATER2010.GRAPHML,4,0,0.85
RENATER2010.GRAPHML,4,2,0.1
RENATER2010.GRAPHML,4,32,1.0
RHNET.GRAPHML,2,10,0.18181818181818182
RHNET.GRAPHML,2,1,0.45454545454545453
RHNET.GRAPHML,2,11,0.2727272727272727
RHNET.GRAPHML,2,9,0.09090909090909091
RHNET.GRAPHML,2,15,0.36363636363636365
RHNET.GRAPHML,3,1,0.6153846153846154
RHNET.GRAPHML,3,9,1.0
RHNET.GRAPHML,3,11,0.3076923076923077
RHNET.GRAPHML,4,1,0.6153846153846154
RHNET.GRAPHML,4,9,1.0
RHNET.GRAPHML,4,11,0.3076923076923077
RNP.GRAPHML,2,5,1.1111111111111112
RNP.GRAPHML,2,16,1.1111111111111112
RNP.GRAPHML,2,9,0.037037037037037035
RNP.GRAPHML,2,4,0.1111111111111111
RNP.GRAPHML,3,5,0.25
RNP.GRAPHML,3,9,0.041666666666666664
RNP.GRAPHML,3,4,0.125
RNP.GRAPHML,3,0,0.125
RNP.GRAPHML,3,2,0.041666666666666664
RNP.GRAPHML,3,1,0.041666666666666664
RNP.GRAPHML,3,16,1.25
RNP.GRAPHML,4,5,2.076923076923077
RNP.GRAPHML,4,9,0.038461538461538464
RNP.GRAPHML,4,4,0.11538461538461539
RNP.GRAPHML,4,0,0.11538461538461539
RNP.GRAPHML,4,2,0.038461538461538464
ROEDUNETFIBRE.GRAPHML,2,4,0.07317073170731707
ROEDUNETFIBRE.GRAPHML,2,42,0.36585365853658536
ROEDUNETFIBRE.GRAPHML,2,16,0.36585365853658536
ROEDUNETFIBRE.GRAPHML,2,0,0.14634146341463414
ROEDUNETFIBRE.GRAPHML,2,27,0.6341463414634146
ROEDUNETFIBRE.GRAPHML,2,25,0.07317073170731707
ROEDUNETFIBRE.GRAPHML,2,44,0.17073170731707318
ROEDUNETFIBRE.GRAPHML,3,4,0.975609756097561
ROEDUNETFIBRE.GRAPHML,3,0,0.07317073170731707
ROEDUNETFIBRE.GRAPHML,3,2,0.24390243902439024
ROEDUNETFIBRE.GRAPHML,3,16,0.21951219512195122
ROEDUNETFIBRE.GRAPHML,3,25,0.2926829268292683
ROEDUNETFIBRE.GRAPHML,3,13,0.07317073170731707
ROEDUNETFIBRE.GRAPHML,3,22,0.21951219512195122
ROEDUNETFIBRE.GRAPHML,4,4,0.975609756097561
ROEDUNETFIBRE.GRAPHML,4,0,0.07317073170731707
ROEDUNETFIBRE.GRAPHML,4,2,0.24390243902439024
ROEDUNETFIBRE.GRAPHML,4,16,0.21951219512195122
ROEDUNETFIBRE.GRAPHML,4,13,0.0975609756097561
ROEDUNETFIBRE.GRAPHML,4,22,0.43902439024390244
ROEDUNETFIBRE.GRAPHML,4,25,0.04878048780487805
SINET.GRAPHML,2,34,0.42028985507246375
SINET.GRAPHML,2,35,0.14492753623188406
SINET.GRAPHML,2,20,0.36231884057971014
SINET.GRAPHML,2,24,0.15942028985507245
SINET.GRAPHML,2,49,0.5072463768115942
SINET.GRAPHML,3,66,0.21212121212121213
SINET.GRAPHML,3,70,0.13636363636363635
SINET.GRAPHML,3,4,0.10606060606060606
SINET.GRAPHML,3,18,0.07575757575757576
SINET.GRAPHML,3,52,0.36363636363636365
SINET.GRAPHML,3,6,0.07575757575757576
SINET.GRAPHML,3,35,0.5909090909090909
SINET.GRAPHML,3,0,0.10606060606060606
SINET.GRAPHML,4,73,0.19696969696969696
SINET.GRAPHML,4,70,0.803030303030303
SINET.GRAPHML,4,63,0.2878787878787879
SINET.GRAPHML,4,66,0.21212121212121213
SINET.GRAPHML,4,27,0.07575757575757576
SINET.GRAPHML,4,50,0.07575757575757576
SINET.GRAPHML,4,57,0.10606060606060606
SINET.GRAPHML,4,52,0.36363636363636365
SPRINT,2,4,0.5
SPRINT,2,10,0.375
SPRINT,2,0,0.125
SPRINT,3,1,1.0
SPRINT,3,3,0.25
SPRINT,3,2,0.125
SPRINT,4,2,0.125
SPRINT,4,10,1.0
SPRINT,4,9,0.125
SUNET.GRAPHML,2,2,0.15
SUNET.GRAPHML,2,16,0.15
SUNET.GRAPHML,2,1,0.2
SUNET.GRAPHML,2,9,0.2
SUNET.GRAPHML,2,10,0.2
SUNET.GRAPHML,2,22,0.4
SUNET.GRAPHML,3,1,0.19047619047619047
SUNET.GRAPHML,3,2,1.2857142857142858
SUNET.GRAPHML,3,9,0.19047619047619047
SUNET.GRAPHML,3,10,0.19047619047619047
SUNET.GRAPHML,3,16,0.14285714285714285
SUNET.GRAPHML,4,1,0.19047619047619047
SUNET.GRAPHML,4,2,1.2380952380952381
SUNET.GRAPHML,4,9,0.2857142857142857
SUNET.GRAPHML,4,17,0.23809523809523808
SUNET.GRAPHML,4,10,0.19047619047619047
SURFNET.GRAPHML,2,8,0.6304347826086957
SURFNET.GRAPHML,2,30,1.1956521739130435
SURFNET.GRAPHML,2,38,0.08695652173913043
SURFNET.GRAPHML,2,47,0.32608695652173914
SURFNET.GRAPHML,3,13,0.1282051282051282
SURFNET.GRAPHML,3,3,0.20512820512820512
SURFNET.GRAPHML,3,2,0.10256410256410256
SURFNET.GRAPHML,3,22,0.07692307692307693
SURFNET.GRAPHML,3,8,0.2564102564102564
SURFNET.GRAPHML,3,20,0.15384615384615385
SURFNET.GRAPHML,3,35,0.02564102564102564
SURFNET.GRAPHML,3,38,0.02564102564102564
SURFNET.GRAPHML,3,14,0.2564102564102564
SURFNET.GRAPHML,3,24,0.23076923076923078
SURFNET.GRAPHML,3,32,0.05128205128205128
SURFNET.GRAPHML,4,8,0.6428571428571429
SURFNET.GRAPHML,4,1,0.023809523809523808
SURFNET.GRAPHML,4,4,0.047619047619047616
SURFNET.GRAPHML,4,3,0.07142857142857142
SURFNET.GRAPHML,4,2,0.047619047619047616
SURFNET.GRAPHML,4,19,0.7857142857142857
SURFNET.GRAPHML,4,30,0.07142857142857142
SURFNET.GRAPHML,4,13,0.19047619047619047
SWITCHL3.GRAPHML,2,35,0.058823529411764705
SWITCHL3.GRAPHML,2,7,0.5
SWITCHL3.GRAPHML,2,34,0.20588235294117646
SWITCHL3.GRAPHML,2,37,0.08823529411764706
SWITCHL3.GRAPHML,2,30,0.029411764705882353
SWITCHL3.GRAPHML,2,31,0.14705882352941177
SWITCHL3.GRAPHML,2,1,0.058823529411764705
SWITCHL3.GRAPHML,2,23,0.14705882352941177
SWITCHL3.GRAPHML,3,34,0.6666666666666666
SWITCHL3.GRAPHML,3,32,0.6111111111111112
SWITCHL3.GRAPHML,3,33,0.08333333333333333
SWITCHL3.GRAPHML,3,12,0.25
SWITCHL3.GRAPHML,3,0,0.027777777777777776
SWITCHL3.GRAPHML,3,22,0.08333333333333333
SWITCHL3.GRAPHML,4,39,0.1875
SWITCHL3.GRAPHML,4,16,0.03125
SWITCHL3.GRAPHML,4,41,0.03125
SWITCHL3.GRAPHML,4,27,0.0625
SWITCHL3.GRAPHML,4,34,0.5
SWITCHL3.GRAPHML,4,20,0.03125
SWITCHL3.GRAPHML,4,24,0.0625
SWITCHL3.GRAPHML,4,28,0.03125
SWITCHL3.GRAPHML,4,22,0.09375
SWITCHL3.GRAPHML,4,23,0.125
TATANLD.GRAPHML,2,52,0.1774193548387097
TATANLD.GRAPHML,2,71,0.03225806451612903
TATANLD.GRAPHML,2,46,0.1935483870967742
TATANLD.GRAPHML,2,98,0.04838709677419355
TATANLD.GRAPHML,2,95,0.024193548387096774
TATANLD.GRAPHML,2,120,0.024193548387096774
TATANLD.GRAPHML,2,25,0.06451612903225806
TATANLD.GRAPHML,2,37,0.08064516129032258
TATANLD.GRAPHML,2,128,0.024193548387096774
TATANLD.GRAPHML,2,81,0.07258064516129033
TATANLD.GRAPHML,2,129,0.13709677419354838
TATANLD.GRAPHML,2,97,0.008064516129032258
TATANLD.GRAPHML,2,32,0.10483870967741936
TATANLD.GRAPHML,2,60,0.45161290322580644
TATANLD.GRAPHML,2,76,0.03225806451612903
TATANLD.GRAPHML,2,91,0.07258064516129033
TATANLD.GRAPHML,2,141,0.14516129032258066
TATANLD.GRAPHML,2,23,0.008064516129032258
TATANLD.GRAPHML,2,47,0.016129032258064516
TATANLD.GRAPHML,2,104,0.016129032258064516
TATANLD.GRAPHML,2,119,0.22580645161290322
TATANLD.GRAPHML,3,1,0.14754098360655737
TATANLD.GRAPHML,3,25,0.08196721311475409
TATANLD.GRAPHML,3,52,0.08196721311475409
TATANLD.GRAPHML,3,71,0.00819672131147541
TATANLD.GRAPHML,3,46,0.09016393442622951
TATANLD.GRAPHML,3,23,0.01639344262295082
TATANLD.GRAPHML,3,32,0.32786885245901637
TATANLD.GRAPHML,3,12,0.05737704918032787
TATANLD.GRAPHML,3,15,0.00819672131147541
TATANLD.GRAPHML,3,37,0.04918032786885246
TATANLD.GRAPHML,3,95,0.02459016393442623
TATANLD.GRAPHML,3,19,0.05737704918032787
TATANLD.GRAPHML,3,47,0.38524590163934425
TATANLD.GRAPHML,3,26,0.10655737704918032
TATANLD.GRAPHML,3,11,0.02459016393442623
TATANLD.GRAPHML,3,53,0.05737704918032787
TATANLD.GRAPHML,3,98,0.09016393442622951
TATANLD.GRAPHML,3,60,0.07377049180327869
TATANLD.GRAPHML,3,97,0.00819672131147541
TATANLD.GRAPHML,3,76,0.03278688524590164
TATANLD.GRAPHML,3,0,0.05737704918032787
TATANLD.GRAPHML,3,3,0.03278688524590164
TATANLD.GRAPHML,3,120,0.02459016393442623
TATANLD.GRAPHML,4,1,0.14516129032258066
TATANLD.GRAPHML,4,25,0.06451612903225806
TATANLD.GRAPHML,4,71,0.024193548387096774
TATANLD.GRAPHML,4,52,0.0967741935483871
TATANLD.GRAPHML,4,23,0.016129032258064516
TATANLD.GRAPHML,4,46,0.08870967741935484
TATANLD.GRAPHML,4,32,0.3225806451612903
TATANLD.GRAPHML,4,15,0.008064516129032258
TATANLD.GRAPHML,4,12,0.0967741935483871
TATANLD.GRAPHML,4,19,0.056451612903225805
TATANLD.GRAPHML,4,95,0.06451612903225806
TATANLD.GRAPHML,4,47,0.3790322580645161
TATANLD.GRAPHML,4,37,0.04838709677419355
TATANLD.GRAPHML,4,27,0.10483870967741936
TATANLD.GRAPHML,4,53,0.056451612903225805
TATANLD.GRAPHML,4,11,0.024193548387096774
TATANLD.GRAPHML,4,97,0.008064516129032258
TATANLD.GRAPHML,4,60,0.07258064516129033
TATANLD.GRAPHML,4,3,0.0967741935483871
TATANLD.GRAPHML,4,98,0.08870967741935484
TATANLD.GRAPHML,4,76,0.03225806451612903
TINET.GRAPHML,2,34,0.2391304347826087
TINET.GRAPHML,2,37,0.15217391304347827
TINET.GRAPHML,2,41,0.13043478260869565
TINET.GRAPHML,2,5,0.08695652173913043
TINET.GRAPHML,2,8,0.043478260869565216
TINET.GRAPHML,2,4,1.0217391304347827
TINET.GRAPHML,2,35,0.5
TINET.GRAPHML,3,7,0.3673469387755102
TINET.GRAPHML,3,18,0.7755102040816326
TINET.GRAPHML,3,23,0.3877551020408163
TINET.GRAPHML,3,12,0.6122448979591837
TINET.GRAPHML,4,48,0.09523809523809523
TINET.GRAPHML,4,46,0.19047619047619047
TINET.GRAPHML,4,52,0.19047619047619047
TINET.GRAPHML,4,36,0.23809523809523808
TINET.GRAPHML,4,30,0.09523809523809523
TINET.GRAPHML,4,40,0.09523809523809523
TINET.GRAPHML,4,13,0.07142857142857142
TINET.GRAPHML,4,38,0.3333333333333333
TINET.GRAPHML,4,32,0.11904761904761904
TINET.GRAPHML,4,16,0.023809523809523808
TINET.GRAPHML,4,28,0.047619047619047616
ULAKNET.GRAPHML,2,76,0.810126582278481
ULAKNET.GRAPHML,2,75,0.10126582278481013
ULAKNET.GRAPHML,2,74,0.13924050632911392
ULAKNET.GRAPHML,3,37,0.013157894736842105
ULAKNET.GRAPHML,3,38,0.013157894736842105
ULAKNET.GRAPHML,3,39,0.013157894736842105
ULAKNET.GRAPHML,3,40,0.013157894736842105
ULAKNET.GRAPHML,3,81,0.19736842105263158
ULAKNET.GRAPHML,3,76,0.9868421052631579
ULAKNET.GRAPHML,4,74,1.7
ULAKNET.GRAPHML,4,75,0.1
UNINETT2010.GRAPHML,2,66,0.4393939393939394
UNINETT2010.GRAPHML,2,3,0.3484848484848485
UNINETT2010.GRAPHML,2,67,0.5303030303030303
UNINETT2010.GRAPHML,2,0,0.24242424242424243
UNINETT2010.GRAPHML,2,1,0.21212121212121213
UNINETT2010.GRAPHML,2,17,0.12121212121212122
UNINETT2010.GRAPHML,2,37,0.07575757575757576
UNINETT2010.GRAPHML,2,41,0.045454545454545456
UNINETT2010.GRAPHML,3,26,0.11666666666666667
UNINETT2010.GRAPHML,3,2,0.05
UNINETT2010.GRAPHML,3,17,0.2833333333333333
UNINETT2010.GRAPHML,3,9,0.1
UNINETT2010.GRAPHML,3,32,0.1
UNINETT2010.GRAPHML,3,0,0.38333333333333336
UNINETT2010.GRAPHML,3,5,0.08333333333333333
UNINETT2010.GRAPHML,3,3,0.05
UNINETT2010.GRAPHML,3,28,0.11666666666666667
UNINETT2010.GRAPHML,3,31,0.06666666666666667
UNINETT2010.GRAPHML,3,51,0.03333333333333333
UNINETT2010.GRAPHML,3,53,0.016666666666666666
UNINETT2010.GRAPHML,3,46,0.11666666666666667
UNINETT2010.GRAPHML,3,11,0.05
UNINETT2010.GRAPHML,4,1,0.11864406779661017
UNINETT2010.GRAPHML,4,0,0.2542372881355932
UNINETT2010.GRAPHML,4,8,0.1016949152542373
UNINETT2010.GRAPHML,4,10,0.0847457627118644
UNINETT2010.GRAPHML,4,17,0.22033898305084745
UNINETT2010.GRAPHML,4,22,0.1016949152542373
UNINETT2010.GRAPHML,4,9,0.05084745762711865
UNINETT2010.GRAPHML,4,2,0.05084745762711865
UNINETT2010.GRAPHML,4,26,0.1016949152542373
UNINETT2010.GRAPHML,4,66,0.23728813559322035
UNINETT2010.GRAPHML,4,6,0.01694915254237288
UNINETT2010.GRAPHML,4,5,0.01694915254237288
UNINETT2010.GRAPHML,4,29,0.1694915254237288
UNINETT2010.GRAPHML,4,67,0.1016949152542373
UNINETT2010.GRAPHML,4,7,0.01694915254237288
USCARRIER,2,7,0.02877697841726619
USCARRIER,2,77,0.7482014388489209
USCARRIER,2,109,0.03597122302158273
USCARRIER,2,50,0.06474820143884892
USCARRIER,2,133,0.1510791366906475
USCARRIER,2,18,0.1223021582733813
USCARRIER,2,119,0.05755395683453238
USCARRIER,2,9,0.007194244604316547
USCARRIER,2,57,0.7697841726618705
USCARRIER,2,103,0.02158273381294964
USCARRIER,2,106,0.02877697841726619
USCARRIER,2,86,0.007194244604316547
USCARRIER,2,135,0.2517985611510791
USCARRIER,2,33,0.10071942446043165
USCARRIER,2,53,0.1366906474820144
USCARRIER,2,91,0.03597122302158273
USCARRIER,2,97,0.02158273381294964
USCARRIER,2,157,0.2158273381294964
USCARRIER,2,124,0.02877697841726619
USCARRIER,3,7,0.05511811023622047
USCARRIER,3,50,0.047244094488188976
USCARRIER,3,19,0.047244094488188976
USCARRIER,3,57,0.84251968503937
USCARRIER,3,15,0.007874015748031496
USCARRIER,3,77,0.07086614173228346
USCARRIER,3,109,0.023622047244094488
USCARRIER,3,30,0.03937007874015748
USCARRIER,3,6,0.2440944881889764
USCARRIER,3,26,0.03937007874015748
USCARRIER,3,53,0.03937007874015748
USCARRIER,3,2,0.015748031496062992
USCARRIER,3,4,0.007874015748031496
USCARRIER,3,86,0.007874015748031496
USCARRIER,3,34,0.015748031496062992
USCARRIER,3,69,0.023622047244094488
USCARRIER,3,119,0.03937007874015748
USCARRIER,3,24,0.007874015748031496
USCARRIER,3,16,0.015748031496062992
USCARRIER,3,103,0.023622047244094488
USCARRIER,3,106,0.031496062992125984
USCARRIER,3,32,0.007874015748031496
USCARRIER,3,36,0.007874015748031496
USCARRIER,3,39,0.007874015748031496
USCARRIER,3,61,0.07086614173228346
USCARRIER,3,46,0.08661417322834646
USCARRIER,3,91,0.03937007874015748
USCARRIER,3,76,0.3937007874015748
USCARRIER,3,51,0.023622047244094488
USCARRIER,3,52,0.07086614173228346
USCARRIER,3,133,0.047244094488188976
USCARRIER,4,7,0.05511811023622047
USCARRIER,4,50,0.047244094488188976
USCARRIER,4,19,0.047244094488188976
USCARRIER,4,15,0.007874015748031496
USCARRIER,4,57,0.84251968503937
USCARRIER,4,77,0.07086614173228346
USCARRIER,4,109,0.023622047244094488
USCARRIER,4,6,0.2440944881889764
USCARRIER,4,26,0.03937007874015748
USCARRIER,4,30,0.03937007874015748
USCARRIER,4,4,0.015748031496062992
USCARRIER,4,2,0.007874015748031496
USCARRIER,4,53,0.03937007874015748
USCARRIER,4,86,0.007874015748031496
USCARRIER,4,34,0.015748031496062992
USCARRIER,4,69,0.023622047244094488
USCARRIER,4,119,0.03937007874015748
USCARRIER,4,16,0.015748031496062992
USCARRIER,4,24,0.007874015748031496
USCARRIER,4,39,0.007874015748031496
USCARRIER,4,36,0.007874015748031496
USCARRIER,4,32,0.007874015748031496
USCARRIER,4,61,0.07086614173228346
USCARRIER,4,103,0.023622047244094488
USCARRIER,4,106,0.031496062992125984
USCARRIER,4,46,0.08661417322834646
USCARRIER,4,51,0.023622047244094488
USCARRIER,4,52,0.07086614173228346
USCARRIER,4,76,0.3937007874015748
USCARRIER,4,91,0.03937007874015748
USCARRIER,4,133,0.047244094488188976
USCARRIER.GRAPHML,2,7,0.02877697841726619
USCARRIER.GRAPHML,2,77,0.7482014388489209
USCARRIER.GRAPHML,2,109,0.03597122302158273
USCARRIER.GRAPHML,2,50,0.06474820143884892
USCARRIER.GRAPHML,2,133,0.1510791366906475
USCARRIER.GRAPHML,2,18,0.1223021582733813
USCARRIER.GRAPHML,2,119,0.05755395683453238
USCARRIER.GRAPHML,2,9,0.007194244604316547
USCARRIER.GRAPHML,2,57,0.7697841726618705
USCARRIER.GRAPHML,2,103,0.02158273381294964
USCARRIER.GRAPHML,2,106,0.02877697841726619
USCARRIER.GRAPHML,2,86,0.007194244604316547
USCARRIER.GRAPHML,2,135,0.2517985611510791
USCARRIER.GRAPHML,2,33,0.10071942446043165
USCARRIER.GRAPHML,2,53,0.1366906474820144
USCARRIER.GRAPHML,2,91,0.03597122302158273
USCARRIER.GRAPHML,2,97,0.02158273381294964
USCARRIER.GRAPHML,2,157,0.2158273381294964
USCARRIER.GRAPHML,2,124,0.02877697841726619
USCARRIER.GRAPHML,3,7,0.05511811023622047
USCARRIER.GRAPHML,3,50,0.047244094488188976
USCARRIER.GRAPHML,3,19,0.047244094488188976
USCARRIER.GRAPHML,3,57,0.84251968503937
USCARRIER.GRAPHML,3,15,0.007874015748031496
USCARRIER.GRAPHML,3,77,0.07086614173228346
USCARRIER.GRAPHML,3,109,0.023622047244094488
USCARRIER.GRAPHML,3,30,0.03937007874015748
USCARRIER.GRAPHML,3,6,0.2440944881889764
USCARRIER.GRAPHML,3,26,0.03937007874015748
USCARRIER.GRAPHML,3,53,0.03937007874015748
USCARRIER.GRAPHML,3,2,0.015748031496062992
USCARRIER.GRAPHML,3,4,0.007874015748031496
USCARRIER.GRAPHML,3,86,0.007874015748031496
USCARRIER.GRAPHML,3,34,0.015748031496062992
USCARRIER.GRAPHML,3,69,0.023622047244094488
USCARRIER.GRAPHML,3,119,0.03937007874015748
USCARRIER.GRAPHML,3,24,0.007874015748031496
USCARRIER.GRAPHML,3,16,0.015748031496062992
USCARRIER.GRAPHML,3,103,0.023622047244094488
USCARRIER.GRAPHML,3,106,0.031496062992125984
USCARRIER.GRAPHML,3,32,0.007874015748031496
USCARRIER.GRAPHML,3,36,0.007874015748031496
USCARRIER.GRAPHML,3,39,0.007874015748031496
USCARRIER.GRAPHML,3,61,0.07086614173228346
USCARRIER.GRAPHML,3,46,0.08661417322834646
USCARRIER.GRAPHML,3,91,0.03937007874015748
USCARRIER.GRAPHML,3,76,0.3937007874015748
USCARRIER.GRAPHML,3,51,0.023622047244094488
USCARRIER.GRAPHML,3,52,0.07086614173228346
USCARRIER.GRAPHML,3,133,0.047244094488188976
USCARRIER.GRAPHML,4,7,0.05511811023622047
USCARRIER.GRAPHML,4,50,0.047244094488188976
USCARRIER.GRAPHML,4,19,0.047244094488188976
USCARRIER.GRAPHML,4,15,0.007874015748031496
USCARRIER.GRAPHML,4,57,0.84251968503937
USCARRIER.GRAPHML,4,77,0.07086614173228346
USCARRIER.GRAPHML,4,109,0.023622047244094488
USCARRIER.GRAPHML,4,6,0.2440944881889764
USCARRIER.GRAPHML,4,26,0.03937007874015748
USCARRIER.GRAPHML,4,30,0.03937007874015748
USCARRIER.GRAPHML,4,4,0.015748031496062992
USCARRIER.GRAPHML,4,2,0.007874015748031496
USCARRIER.GRAPHML,4,53,0.03937007874015748
USCARRIER.GRAPHML,4,86,0.007874015748031496
USCARRIER.GRAPHML,4,34,0.015748031496062992
USCARRIER.GRAPHML,4,69,0.023622047244094488
USCARRIER.GRAPHML,4,119,0.03937007874015748
USCARRIER.GRAPHML,4,16,0.015748031496062992
USCARRIER.GRAPHML,4,24,0.007874015748031496
USCARRIER.GRAPHML,4,39,0.007874015748031496
USCARRIER.GRAPHML,4,36,0.007874015748031496
USCARRIER.GRAPHML,4,32,0.007874015748031496
USCARRIER.GRAPHML,4,61,0.07086614173228346
USCARRIER.GRAPHML,4,103,0.023622047244094488
USCARRIER.GRAPHML,4,106,0.031496062992125984
USCARRIER.GRAPHML,4,46,0.08661417322834646
USCARRIER.GRAPHML,4,51,0.023622047244094488
USCARRIER.GRAPHML,4,52,0.07086614173228346
USCARRIER.GRAPHML,4,76,0.3937007874015748
USCARRIER.GRAPHML,4,91,0.03937007874015748
USCARRIER.GRAPHML,4,133,0.047244094488188976
UUNET.GRAPHML,2,13,0.02564102564102564
UUNET.GRAPHML,2,9,0.20512820512820512
UUNET.GRAPHML,2,45,0.07692307692307693
UUNET.GRAPHML,2,25,0.07692307692307693
UUNET.GRAPHML,2,4,0.5384615384615384
UUNET.GRAPHML,2,27,0.05128205128205128
UUNET.GRAPHML,2,31,0.07692307692307693
UUNET.GRAPHML,2,33,0.15384615384615385
UUNET.GRAPHML,2,14,0.05128205128205128
UUNET.GRAPHML,2,43,0.1794871794871795
UUNET.GRAPHML,3,41,0.24324324324324326
UUNET.GRAPHML,3,34,0.32432432432432434
UUNET.GRAPHML,3,44,0.16216216216216217
UUNET.GRAPHML,3,46,0.08108108108108109
UUNET.GRAPHML,3,28,0.05405405405405406
UUNET.GRAPHML,3,17,0.13513513513513514
UUNET.GRAPHML,3,25,0.10810810810810811
UUNET.GRAPHML,3,38,0.10810810810810811
UUNET.GRAPHML,3,7,0.05405405405405406
UUNET.GRAPHML,3,48,0.02702702702702703
UUNET.GRAPHML,3,1,0.02702702702702703
UUNET.GRAPHML,3,4,0.05405405405405406
UUNET.GRAPHML,4,48,0.08108108108108109
UUNET.GRAPHML,4,36,0.02702702702702703
UUNET.GRAPHML,4,39,0.32432432432432434
UUNET.GRAPHML,4,37,0.40540540540540543
UUNET.GRAPHML,4,35,0.02702702702702703
UUNET.GRAPHML,4,47,0.10810810810810811
UUNET.GRAPHML,4,34,0.21621621621621623
UUNET.GRAPHML,4,22,0.02702702702702703
UUNET.GRAPHML,4,43,0.10810810810810811
UUNET.GRAPHML,4,21,0.05405405405405406
UUNET.GRAPHML,4,7,0.02702702702702703
UUNET.GRAPHML,4,5,0.02702702702702703
