Graph Name,No of sources of Evidences,Controller,Average-Case Controller to Controller
ABILENE,2,8,{0.8333333333333334}
ABILENE,2,9,{0.8333333333333334}
ABILENE,2,10,{0.8333333333333334}
ABILENE,2,6,{1.1666666666666667}
ABILENE,3,7,{1.0}
ABILENE,3,1,{1.1666666666666667}
ABILENE,3,2,{1.5}
ABILENE,3,6,{1.3333333333333333}
ABILENE,4,7,{1.6666666666666667}
ABILENE,4,2,{2.0}
ABILENE,4,5,{1.6666666666666667}
ABVT,2,11,{51.625}
ABVT,2,1,{25.292833333333334}
ABVT,2,10,{28.478333333333335}
ABVT,2,5,{40.22983333333334}
ABVT,3,1,{12.283166666666666}
ABVT,3,21,{23.058166666666665}
ABVT,3,7,{11.6385}
ABVT,3,10,{11.638499999999999}
ABVT,4,11,{40.9669}
ABVT,4,1,{14.534799999999999}
ABVT,4,0,{14.799000000000001}
ABVT,4,2,{16.8813}
ABVT,4,5,{27.976999999999997}
AGIS,2,9,{0.7}
AGIS,2,19,{0.8}
AGIS,2,6,{0.8}
AGIS,2,10,{1.0}
AGIS,2,3,{1.1}
AGIS,3,5,{0.7333333333333333}
AGIS,3,7,{0.8}
AGIS,3,2,{1.0}
AGIS,3,9,{0.7333333333333333}
AGIS,3,3,{0.8666666666666667}
AGIS,3,14,{1.2}
AGIS,4,9,{0.9}
AGIS,4,3,{0.8}
AGIS,4,19,{1.0}
AGIS,4,6,{0.7}
AGIS,4,2,{1.0}
ARN.GRAPHML,2,22,{0.6666666666666666}
ARN.GRAPHML,2,8,{1.0}
ARN.GRAPHML,2,24,{1.0}
ARN.GRAPHML,3,8,{3.0}
ARN.GRAPHML,3,4,{3.0}
ARN.GRAPHML,4,3,{1.3333333333333333}
ARN.GRAPHML,4,7,{1.3333333333333333}
ARN.GRAPHML,4,29,{1.6666666666666667}
ARN.GRAPHML,4,18,{1.6666666666666667}
BELLCANADA,2,33,{0.6181818181818182}
BELLCANADA,2,2,{0.6909090909090909}
BELLCANADA,2,4,{0.6727272727272727}
BELLCANADA,2,27,{0.6727272727272727}
BELLCANADA,2,16,{0.8909090909090909}
BELLCANADA,2,31,{0.6363636363636364}
BELLCANADA,2,8,{0.7272727272727273}
BELLCANADA,2,14,{0.7636363636363637}
BELLCANADA,2,21,{1.0545454545454545}
BELLCANADA,2,29,{0.7636363636363637}
BELLCANADA,2,45,{0.6909090909090909}
BELLCANADA,3,1,{1.1388888888888888}
BELLCANADA,3,2,{0.9444444444444444}
BELLCANADA,3,8,{1.0}
BELLCANADA,3,12,{0.9444444444444444}
BELLCANADA,3,16,{1.1111111111111112}
BELLCANADA,3,33,{0.8333333333333334}
BELLCANADA,3,27,{0.9166666666666666}
BELLCANADA,3,21,{1.3055555555555556}
BELLCANADA,3,13,{1.0277777777777777}
BELLCANADA,4,2,{0.9333333333333333}
BELLCANADA,4,1,{1.1111111111111112}
BELLCANADA,4,8,{0.9777777777777777}
BELLCANADA,4,12,{0.8222222222222222}
BELLCANADA,4,33,{0.8222222222222222}
BELLCANADA,4,16,{0.9111111111111111}
BELLCANADA,4,21,{1.0888888888888888}
BELLCANADA,4,27,{0.9111111111111111}
BELLCANADA,4,13,{0.8888888888888888}
BELLCANADA,4,17,{1.0888888888888888}
BELLSOUTH.GRAPHML,2,35,{0.6666666666666666}
BELLSOUTH.GRAPHML,2,31,{0.6666666666666666}
BELLSOUTH.GRAPHML,2,49,{0.6666666666666666}
BELLSOUTH.GRAPHML,3,5,{1.4666666666666666}
BELLSOUTH.GRAPHML,3,31,{1.0666666666666667}
BELLSOUTH.GRAPHML,3,15,{1.2}
BELLSOUTH.GRAPHML,3,1,{1.3333333333333333}
BELLSOUTH.GRAPHML,3,23,{1.3333333333333333}
BELLSOUTH.GRAPHML,3,45,{1.3333333333333333}
BELLSOUTH.GRAPHML,4,46,{0.7333333333333333}
BELLSOUTH.GRAPHML,4,50,{0.5555555555555556}
BELLSOUTH.GRAPHML,4,33,{0.7111111111111111}
BELLSOUTH.GRAPHML,4,42,{0.7333333333333333}
BELLSOUTH.GRAPHML,4,28,{0.7111111111111111}
BELLSOUTH.GRAPHML,4,48,{0.4888888888888889}
BELLSOUTH.GRAPHML,4,21,{0.7111111111111111}
BELLSOUTH.GRAPHML,4,26,{0.5555555555555556}
BELLSOUTH.GRAPHML,4,49,{0.4222222222222222}
BELLSOUTH.GRAPHML,4,31,{0.4222222222222222}
BICS.GRAPHML,2,19,{0.42857142857142855}
BICS.GRAPHML,2,14,{0.42857142857142855}
BICS.GRAPHML,2,13,{0.5238095238095238}
BICS.GRAPHML,2,22,{0.47619047619047616}
BICS.GRAPHML,2,15,{0.5238095238095238}
BICS.GRAPHML,2,21,{0.5714285714285714}
BICS.GRAPHML,2,1,{0.6666666666666666}
BICS.GRAPHML,3,13,{0.7142857142857143}
BICS.GRAPHML,3,12,{0.9523809523809523}
BICS.GRAPHML,3,24,{0.8095238095238095}
BICS.GRAPHML,3,20,{0.7619047619047619}
BICS.GRAPHML,3,5,{1.1904761904761905}
BICS.GRAPHML,3,16,{0.8095238095238095}
BICS.GRAPHML,3,28,{1.0476190476190477}
BICS.GRAPHML,4,14,{0.5277777777777778}
BICS.GRAPHML,4,13,{0.4722222222222222}
BICS.GRAPHML,4,2,{0.5277777777777778}
BICS.GRAPHML,4,15,{0.5833333333333334}
BICS.GRAPHML,4,19,{0.4166666666666667}
BICS.GRAPHML,4,22,{0.6111111111111112}
BICS.GRAPHML,4,5,{0.75}
BICS.GRAPHML,4,16,{0.5833333333333334}
BICS.GRAPHML,4,8,{0.8055555555555556}
CERNET.GRAPHML,2,21,{0.5}
CERNET.GRAPHML,2,24,{0.6666666666666666}
CERNET.GRAPHML,2,28,{0.6666666666666666}
CERNET.GRAPHML,2,37,{0.8333333333333334}
CERNET.GRAPHML,3,9,{0.8928571428571429}
CERNET.GRAPHML,3,20,{0.7857142857142857}
CERNET.GRAPHML,3,26,{0.8571428571428571}
CERNET.GRAPHML,3,38,{1.0}
CERNET.GRAPHML,3,14,{0.9642857142857143}
CERNET.GRAPHML,3,12,{0.8571428571428571}
CERNET.GRAPHML,3,39,{0.8571428571428571}
CERNET.GRAPHML,3,1,{1.0}
CERNET.GRAPHML,4,38,{0.8611111111111112}
CERNET.GRAPHML,4,39,{0.7222222222222222}
CERNET.GRAPHML,4,16,{0.8055555555555556}
CERNET.GRAPHML,4,30,{0.75}
CERNET.GRAPHML,4,26,{0.75}
CERNET.GRAPHML,4,27,{0.6944444444444444}
CERNET.GRAPHML,4,20,{0.6388888888888888}
CERNET.GRAPHML,4,32,{0.6666666666666666}
CERNET.GRAPHML,4,25,{0.6666666666666666}
CESNET200706.GRAPHML,2,40,{0.5}
CESNET200706.GRAPHML,2,7,{0.6666666666666666}
CESNET200706.GRAPHML,2,43,{0.6666666666666666}
CESNET200706.GRAPHML,2,0,{0.8333333333333334}
CESNET200706.GRAPHML,3,28,{0.9166666666666666}
CESNET200706.GRAPHML,3,15,{0.7777777777777778}
CESNET200706.GRAPHML,3,18,{0.8611111111111112}
CESNET200706.GRAPHML,3,14,{0.8611111111111112}
CESNET200706.GRAPHML,3,20,{0.8333333333333334}
CESNET200706.GRAPHML,3,22,{0.9166666666666666}
CESNET200706.GRAPHML,3,36,{0.8611111111111112}
CESNET200706.GRAPHML,3,43,{0.5833333333333334}
CESNET200706.GRAPHML,3,7,{0.5555555555555556}
CESNET200706.GRAPHML,4,12,{0.7857142857142857}
CESNET200706.GRAPHML,4,36,{0.9642857142857143}
CESNET200706.GRAPHML,4,30,{0.9642857142857143}
CESNET200706.GRAPHML,4,22,{1.0714285714285714}
CESNET200706.GRAPHML,4,20,{0.9642857142857143}
CESNET200706.GRAPHML,4,15,{0.8571428571428571}
CESNET200706.GRAPHML,4,29,{1.0714285714285714}
CESNET200706.GRAPHML,4,43,{0.6785714285714286}
CHINANET.GRAPHML,2,39,{0.2857142857142857}
CHINANET.GRAPHML,2,38,{0.42857142857142855}
CHINANET.GRAPHML,2,8,{0.2857142857142857}
CHINANET.GRAPHML,2,28,{0.38095238095238093}
CHINANET.GRAPHML,2,23,{0.42857142857142855}
CHINANET.GRAPHML,2,27,{0.42857142857142855}
CHINANET.GRAPHML,2,25,{0.42857142857142855}
CHINANET.GRAPHML,3,5,{0.7222222222222222}
CHINANET.GRAPHML,3,30,{0.7222222222222222}
CHINANET.GRAPHML,3,20,{0.7222222222222222}
CHINANET.GRAPHML,3,41,{0.5555555555555556}
CHINANET.GRAPHML,3,2,{0.75}
CHINANET.GRAPHML,3,3,{0.7777777777777778}
CHINANET.GRAPHML,3,28,{0.4722222222222222}
CHINANET.GRAPHML,3,8,{0.4444444444444444}
CHINANET.GRAPHML,3,18,{0.4444444444444444}
CHINANET.GRAPHML,4,8,{0.3333333333333333}
CHINANET.GRAPHML,4,18,{0.42857142857142855}
CHINANET.GRAPHML,4,25,{0.47619047619047616}
CHINANET.GRAPHML,4,16,{0.5714285714285714}
CHINANET.GRAPHML,4,38,{0.5238095238095238}
CHINANET.GRAPHML,4,23,{0.5238095238095238}
CHINANET.GRAPHML,4,33,{0.5714285714285714}
COGENTCO.GRAPHML,2,183,{1.1071428571428572}
COGENTCO.GRAPHML,2,165,{1.2857142857142858}
COGENTCO.GRAPHML,2,158,{1.1785714285714286}
COGENTCO.GRAPHML,2,154,{1.0357142857142858}
COGENTCO.GRAPHML,2,8,{1.8571428571428572}
COGENTCO.GRAPHML,2,1,{2.0714285714285716}
COGENTCO.GRAPHML,2,77,{1.1428571428571428}
COGENTCO.GRAPHML,2,37,{1.3214285714285714}
COGENTCO.GRAPHML,3,1,{1.0392156862745099}
COGENTCO.GRAPHML,3,8,{0.934640522875817}
COGENTCO.GRAPHML,3,7,{0.8431372549019608}
COGENTCO.GRAPHML,3,12,{0.7647058823529411}
COGENTCO.GRAPHML,3,2,{0.6797385620915033}
COGENTCO.GRAPHML,3,37,{0.6274509803921569}
COGENTCO.GRAPHML,3,183,{0.6209150326797386}
COGENTCO.GRAPHML,3,4,{0.7058823529411765}
COGENTCO.GRAPHML,3,13,{0.8562091503267973}
COGENTCO.GRAPHML,3,38,{0.6666666666666666}
COGENTCO.GRAPHML,3,14,{1.0196078431372548}
COGENTCO.GRAPHML,3,19,{0.8366013071895425}
COGENTCO.GRAPHML,3,77,{0.6078431372549019}
COGENTCO.GRAPHML,3,158,{0.6666666666666666}
COGENTCO.GRAPHML,3,92,{0.6928104575163399}
COGENTCO.GRAPHML,3,26,{1.0784313725490196}
COGENTCO.GRAPHML,3,5,{0.8758169934640523}
COGENTCO.GRAPHML,3,28,{1.1633986928104576}
COGENTCO.GRAPHML,4,1,{0.8744588744588745}
COGENTCO.GRAPHML,4,8,{0.7878787878787878}
COGENTCO.GRAPHML,4,7,{0.70995670995671}
COGENTCO.GRAPHML,4,2,{0.5411255411255411}
COGENTCO.GRAPHML,4,12,{0.6017316017316018}
COGENTCO.GRAPHML,4,4,{0.5844155844155844}
COGENTCO.GRAPHML,4,38,{0.5021645021645021}
COGENTCO.GRAPHML,4,14,{0.8138528138528138}
COGENTCO.GRAPHML,4,13,{0.6796536796536796}
COGENTCO.GRAPHML,4,19,{0.658008658008658}
COGENTCO.GRAPHML,4,5,{0.7316017316017316}
COGENTCO.GRAPHML,4,158,{0.48484848484848486}
COGENTCO.GRAPHML,4,37,{0.48484848484848486}
COGENTCO.GRAPHML,4,28,{0.9090909090909091}
COGENTCO.GRAPHML,4,183,{0.45454545454545453}
COGENTCO.GRAPHML,4,92,{0.5194805194805194}
COGENTCO.GRAPHML,4,77,{0.48484848484848486}
COGENTCO.GRAPHML,4,32,{0.5411255411255411}
COGENTCO.GRAPHML,4,26,{0.8354978354978355}
COGENTCO.GRAPHML,4,70,{0.5238095238095238}
COGENTCO.GRAPHML,4,75,{0.4805194805194805}
COGENTCO.GRAPHML,4,49,{0.6320346320346321}
COLT.GRAPHML,2,152,{2.3333333333333335}
COLT.GRAPHML,2,138,{2.0}
COLT.GRAPHML,2,140,{2.0}
COLT.GRAPHML,2,142,{2.3333333333333335}
COLT.GRAPHML,3,72,{0.4838709677419355}
COLT.GRAPHML,3,2,{0.5806451612903226}
COLT.GRAPHML,3,18,{0.4435483870967742}
COLT.GRAPHML,3,13,{0.4435483870967742}
COLT.GRAPHML,3,10,{0.4798387096774194}
COLT.GRAPHML,3,0,{0.5403225806451613}
COLT.GRAPHML,3,21,{0.655241935483871}
COLT.GRAPHML,3,106,{0.4939516129032258}
COLT.GRAPHML,3,109,{0.4899193548387097}
COLT.GRAPHML,3,138,{0.39919354838709675}
COLT.GRAPHML,3,14,{0.4415322580645161}
COLT.GRAPHML,3,68,{0.5383064516129032}
COLT.GRAPHML,3,78,{0.39919354838709675}
COLT.GRAPHML,3,17,{0.46169354838709675}
COLT.GRAPHML,3,15,{0.4717741935483871}
COLT.GRAPHML,3,53,{0.594758064516129}
COLT.GRAPHML,3,23,{0.6189516129032258}
COLT.GRAPHML,3,75,{0.4596774193548387}
COLT.GRAPHML,3,51,{0.5342741935483871}
COLT.GRAPHML,3,60,{0.6008064516129032}
COLT.GRAPHML,3,39,{0.4536290322580645}
COLT.GRAPHML,3,74,{0.42943548387096775}
COLT.GRAPHML,3,84,{0.4153225806451613}
COLT.GRAPHML,3,63,{0.49193548387096775}
COLT.GRAPHML,3,139,{0.3286290322580645}
COLT.GRAPHML,3,73,{0.4435483870967742}
COLT.GRAPHML,3,107,{0.6512096774193549}
COLT.GRAPHML,3,49,{0.5725806451612904}
COLT.GRAPHML,3,123,{0.3487903225806452}
COLT.GRAPHML,3,86,{0.5020161290322581}
COLT.GRAPHML,3,136,{0.49798387096774194}
COLT.GRAPHML,3,80,{0.5766129032258065}
COLT.GRAPHML,4,66,{0.7421052631578947}
COLT.GRAPHML,4,72,{0.7631578947368421}
COLT.GRAPHML,4,2,{0.868421052631579}
COLT.GRAPHML,4,10,{0.7052631578947368}
COLT.GRAPHML,4,18,{0.7105263157894737}
COLT.GRAPHML,4,13,{0.6526315789473685}
COLT.GRAPHML,4,0,{0.8}
COLT.GRAPHML,4,138,{0.6263157894736842}
COLT.GRAPHML,4,16,{0.8842105263157894}
COLT.GRAPHML,4,17,{0.7105263157894737}
COLT.GRAPHML,4,106,{0.7631578947368421}
COLT.GRAPHML,4,109,{0.7631578947368421}
COLT.GRAPHML,4,21,{1.0157894736842106}
COLT.GRAPHML,4,54,{0.6052631578947368}
COLT.GRAPHML,4,14,{0.6789473684210526}
COLT.GRAPHML,4,140,{0.6368421052631579}
COLT.GRAPHML,4,68,{0.8263157894736842}
COLT.GRAPHML,4,78,{0.6473684210526316}
COLT.GRAPHML,4,51,{0.8052631578947368}
COLT.GRAPHML,4,12,{0.5947368421052631}
DELTACOM.GRAPHML,2,47,{0.7}
DELTACOM.GRAPHML,2,104,{0.7}
DELTACOM.GRAPHML,2,60,{0.6}
DELTACOM.GRAPHML,2,3,{1.0}
DELTACOM.GRAPHML,2,19,{1.0}
DELTACOM.GRAPHML,3,3,{0.5555555555555556}
DELTACOM.GRAPHML,3,47,{0.6111111111111112}
DELTACOM.GRAPHML,3,0,{0.9166666666666666}
DELTACOM.GRAPHML,3,4,{0.6388888888888888}
DELTACOM.GRAPHML,3,6,{0.8055555555555556}
DELTACOM.GRAPHML,3,60,{0.75}
DELTACOM.GRAPHML,3,19,{1.1111111111111112}
DELTACOM.GRAPHML,3,1,{1.1111111111111112}
DELTACOM.GRAPHML,3,2,{1.0555555555555556}
DELTACOM.GRAPHML,4,3,{0.6388888888888888}
DELTACOM.GRAPHML,4,47,{0.6388888888888888}
DELTACOM.GRAPHML,4,0,{1.0277777777777777}
DELTACOM.GRAPHML,4,6,{0.9166666666666666}
DELTACOM.GRAPHML,4,60,{0.7222222222222222}
DELTACOM.GRAPHML,4,1,{1.2222222222222223}
DELTACOM.GRAPHML,4,19,{1.0277777777777777}
DELTACOM.GRAPHML,4,2,{1.1111111111111112}
DELTACOM.GRAPHML,4,10,{1.0277777777777777}
GARR201110.GRAPHML,2,14,{0.6}
GARR201110.GRAPHML,2,53,{0.5}
GARR201110.GRAPHML,2,35,{0.6}
GARR201110.GRAPHML,2,33,{0.7}
GARR201110.GRAPHML,2,18,{0.8}
GARR201110.GRAPHML,3,56,{0.6025641025641025}
GARR201110.GRAPHML,3,16,{0.6410256410256411}
GARR201110.GRAPHML,3,20,{0.717948717948718}
GARR201110.GRAPHML,3,43,{0.6282051282051282}
GARR201110.GRAPHML,3,1,{0.6538461538461539}
GARR201110.GRAPHML,3,40,{0.6410256410256411}
GARR201110.GRAPHML,3,13,{0.6666666666666666}
GARR201110.GRAPHML,3,39,{0.6410256410256411}
GARR201110.GRAPHML,3,51,{0.6666666666666666}
GARR201110.GRAPHML,3,52,{0.717948717948718}
GARR201110.GRAPHML,3,58,{0.6282051282051282}
GARR201110.GRAPHML,3,33,{0.46153846153846156}
GARR201110.GRAPHML,3,14,{0.41025641025641024}
GARR201110.GRAPHML,4,51,{0.9166666666666666}
GARR201110.GRAPHML,4,50,{0.8611111111111112}
GARR201110.GRAPHML,4,55,{0.8055555555555556}
GARR201110.GRAPHML,4,39,{0.9444444444444444}
GARR201110.GRAPHML,4,49,{0.8055555555555556}
GARR201110.GRAPHML,4,30,{0.9166666666666666}
GARR201110.GRAPHML,4,43,{0.9166666666666666}
GARR201110.GRAPHML,4,57,{0.75}
GARR201110.GRAPHML,4,7,{0.9166666666666666}
GEANT2001,2,3,{0.5}
GEANT2001,2,20,{0.7}
GEANT2001,2,2,{0.6}
GEANT2001,2,21,{0.6}
GEANT2001,2,9,{0.8}
GEANT2001,3,7,{0.9333333333333333}
GEANT2001,3,19,{0.8}
GEANT2001,3,5,{1.1333333333333333}
GEANT2001,3,20,{0.8}
GEANT2001,3,18,{0.9333333333333333}
GEANT2001,3,9,{0.8666666666666667}
GEANT2001,4,26,{0.8666666666666667}
GEANT2001,4,17,{1.0}
GEANT2001,4,25,{1.2666666666666666}
GEANT2001,4,11,{1.2666666666666666}
GEANT2001,4,12,{1.2666666666666666}
GEANT2001,4,7,{1.1333333333333333}
GRNET.GRAPHML,2,20,{0.3333333333333333}
GRNET.GRAPHML,2,30,{0.5333333333333333}
GRNET.GRAPHML,2,8,{0.5333333333333333}
GRNET.GRAPHML,2,2,{0.5333333333333333}
GRNET.GRAPHML,2,15,{0.5333333333333333}
GRNET.GRAPHML,2,24,{0.6}
GRNET.GRAPHML,3,5,{1.6666666666666667}
GRNET.GRAPHML,3,0,{1.8333333333333333}
GRNET.GRAPHML,3,26,{1.5}
GRNET.GRAPHML,3,21,{1.6666666666666667}
GRNET.GRAPHML,4,29,{1.2666666666666666}
GRNET.GRAPHML,4,16,{1.2}
GRNET.GRAPHML,4,9,{1.1333333333333333}
GRNET.GRAPHML,4,26,{1.0666666666666667}
GRNET.GRAPHML,4,4,{1.4}
GRNET.GRAPHML,4,3,{1.2666666666666666}
INTELLIFIBER.GRAPHML,2,46,{0.5454545454545454}
INTELLIFIBER.GRAPHML,2,15,{0.6727272727272727}
INTELLIFIBER.GRAPHML,2,44,{0.4909090909090909}
INTELLIFIBER.GRAPHML,2,23,{0.5272727272727272}
INTELLIFIBER.GRAPHML,2,19,{0.5818181818181818}
INTELLIFIBER.GRAPHML,2,53,{0.6727272727272727}
INTELLIFIBER.GRAPHML,2,6,{0.7272727272727273}
INTELLIFIBER.GRAPHML,2,55,{0.7636363636363637}
INTELLIFIBER.GRAPHML,2,24,{0.5818181818181818}
INTELLIFIBER.GRAPHML,2,34,{0.8363636363636363}
INTELLIFIBER.GRAPHML,2,41,{0.5818181818181818}
INTELLIFIBER.GRAPHML,3,15,{0.6813186813186813}
INTELLIFIBER.GRAPHML,3,1,{0.6483516483516484}
INTELLIFIBER.GRAPHML,3,19,{0.5934065934065934}
INTELLIFIBER.GRAPHML,3,5,{0.5604395604395604}
INTELLIFIBER.GRAPHML,3,7,{0.5604395604395604}
INTELLIFIBER.GRAPHML,3,2,{1.0}
INTELLIFIBER.GRAPHML,3,46,{0.5714285714285714}
INTELLIFIBER.GRAPHML,3,24,{0.6263736263736264}
INTELLIFIBER.GRAPHML,3,16,{0.5384615384615384}
INTELLIFIBER.GRAPHML,3,53,{0.5934065934065934}
INTELLIFIBER.GRAPHML,3,3,{0.8681318681318682}
INTELLIFIBER.GRAPHML,3,9,{0.7582417582417582}
INTELLIFIBER.GRAPHML,3,34,{0.8131868131868132}
INTELLIFIBER.GRAPHML,3,55,{0.6153846153846154}
INTELLIFIBER.GRAPHML,4,15,{0.6095238095238096}
INTELLIFIBER.GRAPHML,4,1,{0.6190476190476191}
INTELLIFIBER.GRAPHML,4,10,{0.5619047619047619}
INTELLIFIBER.GRAPHML,4,7,{0.5238095238095238}
INTELLIFIBER.GRAPHML,4,5,{0.5333333333333333}
INTELLIFIBER.GRAPHML,4,2,{0.9523809523809523}
INTELLIFIBER.GRAPHML,4,16,{0.5047619047619047}
INTELLIFIBER.GRAPHML,4,46,{0.5047619047619047}
INTELLIFIBER.GRAPHML,4,24,{0.5904761904761905}
INTELLIFIBER.GRAPHML,4,9,{0.7142857142857143}
INTELLIFIBER.GRAPHML,4,3,{0.8285714285714286}
INTELLIFIBER.GRAPHML,4,53,{0.5904761904761905}
INTELLIFIBER.GRAPHML,4,34,{0.7333333333333333}
INTELLIFIBER.GRAPHML,4,20,{0.7047619047619048}
INTELLIFIBER.GRAPHML,4,45,{0.6285714285714286}
INTEROUTE.GRAPHML,2,43,{0.49333333333333335}
INTEROUTE.GRAPHML,2,32,{0.45666666666666667}
INTEROUTE.GRAPHML,2,10,{0.64}
INTEROUTE.GRAPHML,2,16,{0.38}
INTEROUTE.GRAPHML,2,18,{0.4}
INTEROUTE.GRAPHML,2,56,{0.42}
INTEROUTE.GRAPHML,2,84,{0.5033333333333333}
INTEROUTE.GRAPHML,2,57,{0.43666666666666665}
INTEROUTE.GRAPHML,2,40,{0.5333333333333333}
INTEROUTE.GRAPHML,2,7,{0.4033333333333333}
INTEROUTE.GRAPHML,2,33,{0.42}
INTEROUTE.GRAPHML,2,42,{0.5466666666666666}
INTEROUTE.GRAPHML,2,50,{0.5066666666666667}
INTEROUTE.GRAPHML,2,72,{0.43666666666666665}
INTEROUTE.GRAPHML,2,11,{0.49333333333333335}
INTEROUTE.GRAPHML,2,38,{0.3933333333333333}
INTEROUTE.GRAPHML,2,45,{0.44333333333333336}
INTEROUTE.GRAPHML,2,49,{0.4166666666666667}
INTEROUTE.GRAPHML,2,53,{0.74}
INTEROUTE.GRAPHML,2,37,{0.7066666666666667}
INTEROUTE.GRAPHML,2,52,{0.38666666666666666}
INTEROUTE.GRAPHML,2,63,{0.4766666666666667}
INTEROUTE.GRAPHML,2,101,{0.4666666666666667}
INTEROUTE.GRAPHML,2,41,{0.5566666666666666}
INTEROUTE.GRAPHML,2,51,{0.49}
INTEROUTE.GRAPHML,3,32,{0.4656084656084656}
INTEROUTE.GRAPHML,3,3,{0.46296296296296297}
INTEROUTE.GRAPHML,3,16,{0.38095238095238093}
INTEROUTE.GRAPHML,3,56,{0.41534391534391535}
INTEROUTE.GRAPHML,3,11,{0.455026455026455}
INTEROUTE.GRAPHML,3,43,{0.5052910052910053}
INTEROUTE.GRAPHML,3,2,{0.46296296296296297}
INTEROUTE.GRAPHML,3,10,{0.5714285714285714}
INTEROUTE.GRAPHML,3,42,{0.5529100529100529}
INTEROUTE.GRAPHML,3,50,{0.4947089947089947}
INTEROUTE.GRAPHML,3,57,{0.4312169312169312}
INTEROUTE.GRAPHML,3,31,{0.5291005291005291}
INTEROUTE.GRAPHML,3,37,{0.6111111111111112}
INTEROUTE.GRAPHML,3,52,{0.3941798941798942}
INTEROUTE.GRAPHML,3,38,{0.40476190476190477}
INTEROUTE.GRAPHML,3,45,{0.43915343915343913}
INTEROUTE.GRAPHML,3,49,{0.42592592592592593}
INTEROUTE.GRAPHML,3,53,{0.6243386243386243}
INTEROUTE.GRAPHML,3,40,{0.5423280423280423}
INTEROUTE.GRAPHML,3,36,{0.5846560846560847}
INTEROUTE.GRAPHML,3,0,{0.6534391534391535}
INTEROUTE.GRAPHML,3,1,{0.5661375661375662}
INTEROUTE.GRAPHML,3,13,{0.5767195767195767}
INTEROUTE.GRAPHML,3,34,{0.5105820105820106}
INTEROUTE.GRAPHML,3,30,{0.582010582010582}
INTEROUTE.GRAPHML,3,41,{0.5661375661375662}
INTEROUTE.GRAPHML,3,51,{0.47883597883597884}
INTEROUTE.GRAPHML,3,63,{0.49206349206349204}
INTEROUTE.GRAPHML,4,32,{0.5333333333333333}
INTEROUTE.GRAPHML,4,56,{0.48333333333333334}
INTEROUTE.GRAPHML,4,3,{0.5533333333333333}
INTEROUTE.GRAPHML,4,11,{0.5233333333333333}
INTEROUTE.GRAPHML,4,43,{0.5733333333333334}
INTEROUTE.GRAPHML,4,2,{0.55}
INTEROUTE.GRAPHML,4,10,{0.65}
INTEROUTE.GRAPHML,4,50,{0.5766666666666667}
INTEROUTE.GRAPHML,4,42,{0.6266666666666667}
INTEROUTE.GRAPHML,4,31,{0.6066666666666667}
INTEROUTE.GRAPHML,4,52,{0.4766666666666667}
INTEROUTE.GRAPHML,4,37,{0.69}
INTEROUTE.GRAPHML,4,57,{0.5066666666666667}
INTEROUTE.GRAPHML,4,45,{0.5033333333333333}
INTEROUTE.GRAPHML,4,53,{0.6966666666666667}
INTEROUTE.GRAPHML,4,36,{0.6566666666666666}
INTEROUTE.GRAPHML,4,40,{0.6233333333333333}
INTEROUTE.GRAPHML,4,1,{0.6366666666666667}
INTEROUTE.GRAPHML,4,0,{0.7266666666666667}
INTEROUTE.GRAPHML,4,13,{0.6466666666666666}
INTEROUTE.GRAPHML,4,34,{0.5766666666666667}
INTEROUTE.GRAPHML,4,30,{0.6766666666666666}
INTEROUTE.GRAPHML,4,41,{0.6533333333333333}
INTEROUTE.GRAPHML,4,51,{0.5533333333333333}
INTEROUTE.GRAPHML,4,63,{0.58}
ION.GRAPHML,2,74,{0.7157894736842105}
ION.GRAPHML,2,29,{0.9894736842105263}
ION.GRAPHML,2,105,{0.9157894736842105}
ION.GRAPHML,2,110,{0.7421052631578947}
ION.GRAPHML,2,112,{0.7789473684210526}
ION.GRAPHML,2,48,{1.0789473684210527}
ION.GRAPHML,2,67,{0.8105263157894737}
ION.GRAPHML,2,113,{0.7789473684210526}
ION.GRAPHML,2,3,{1.194736842105263}
ION.GRAPHML,2,64,{0.8157894736842105}
ION.GRAPHML,2,76,{0.8157894736842105}
ION.GRAPHML,2,111,{0.7894736842105263}
ION.GRAPHML,2,117,{0.7368421052631579}
ION.GRAPHML,2,33,{1.0789473684210527}
ION.GRAPHML,2,59,{0.7736842105263158}
ION.GRAPHML,2,100,{0.8631578947368421}
ION.GRAPHML,2,106,{0.9789473684210527}
ION.GRAPHML,2,107,{0.8526315789473684}
ION.GRAPHML,2,121,{0.8421052631578947}
ION.GRAPHML,2,123,{1.1736842105263159}
ION.GRAPHML,3,5,{0.97}
ION.GRAPHML,3,29,{0.7533333333333333}
ION.GRAPHML,3,33,{0.8233333333333334}
ION.GRAPHML,3,2,{0.8333333333333334}
ION.GRAPHML,3,74,{0.6333333333333333}
ION.GRAPHML,3,9,{0.6533333333333333}
ION.GRAPHML,3,1,{0.79}
ION.GRAPHML,3,105,{0.6933333333333334}
ION.GRAPHML,3,21,{1.1133333333333333}
ION.GRAPHML,3,26,{0.6533333333333333}
ION.GRAPHML,3,14,{0.74}
ION.GRAPHML,3,72,{0.65}
ION.GRAPHML,3,48,{0.9233333333333333}
ION.GRAPHML,3,30,{0.83}
ION.GRAPHML,3,18,{0.6366666666666667}
ION.GRAPHML,3,8,{0.67}
ION.GRAPHML,3,10,{0.6666666666666666}
ION.GRAPHML,3,110,{0.65}
ION.GRAPHML,3,67,{0.7033333333333334}
ION.GRAPHML,3,20,{0.72}
ION.GRAPHML,3,0,{0.6666666666666666}
ION.GRAPHML,3,59,{0.6466666666666666}
ION.GRAPHML,3,19,{0.6566666666666666}
ION.GRAPHML,3,28,{0.6633333333333333}
ION.GRAPHML,3,112,{0.6733333333333333}
ION.GRAPHML,4,5,{0.9661538461538461}
ION.GRAPHML,4,33,{0.8246153846153846}
ION.GRAPHML,4,29,{0.7569230769230769}
ION.GRAPHML,4,2,{0.8338461538461538}
ION.GRAPHML,4,74,{0.5938461538461538}
ION.GRAPHML,4,9,{0.6492307692307693}
ION.GRAPHML,4,1,{0.7446153846153846}
ION.GRAPHML,4,105,{0.6984615384615385}
ION.GRAPHML,4,15,{0.6984615384615385}
ION.GRAPHML,4,14,{0.7046153846153846}
ION.GRAPHML,4,72,{0.6123076923076923}
ION.GRAPHML,4,26,{0.6646153846153846}
ION.GRAPHML,4,22,{1.0338461538461539}
ION.GRAPHML,4,32,{0.8307692307692308}
ION.GRAPHML,4,10,{0.6492307692307693}
ION.GRAPHML,4,8,{0.6707692307692308}
ION.GRAPHML,4,48,{0.8461538461538461}
ION.GRAPHML,4,18,{0.6123076923076923}
ION.GRAPHML,4,110,{0.6061538461538462}
ION.GRAPHML,4,67,{0.6615384615384615}
ION.GRAPHML,4,20,{0.7046153846153846}
ION.GRAPHML,4,59,{0.6}
ION.GRAPHML,4,19,{0.6123076923076923}
ION.GRAPHML,4,28,{0.6707692307692308}
ION.GRAPHML,4,112,{0.6338461538461538}
ION.GRAPHML,4,49,{0.7784615384615384}
JANETBACKBONE.GRAPHML,2,13,{0.5}
JANETBACKBONE.GRAPHML,2,12,{0.6}
JANETBACKBONE.GRAPHML,2,17,{0.8}
JANETBACKBONE.GRAPHML,2,14,{0.8}
JANETBACKBONE.GRAPHML,2,11,{0.7}
JANETBACKBONE.GRAPHML,3,14,{0.6071428571428571}
JANETBACKBONE.GRAPHML,3,3,{0.8571428571428571}
JANETBACKBONE.GRAPHML,3,15,{0.9285714285714286}
JANETBACKBONE.GRAPHML,3,25,{0.7857142857142857}
JANETBACKBONE.GRAPHML,3,20,{0.8214285714285714}
JANETBACKBONE.GRAPHML,3,1,{0.9642857142857143}
JANETBACKBONE.GRAPHML,3,22,{0.8928571428571429}
JANETBACKBONE.GRAPHML,3,27,{0.7857142857142857}
JANETBACKBONE.GRAPHML,4,27,{0.6785714285714286}
JANETBACKBONE.GRAPHML,4,22,{0.8214285714285714}
JANETBACKBONE.GRAPHML,4,28,{0.5714285714285714}
JANETBACKBONE.GRAPHML,4,16,{0.8571428571428571}
JANETBACKBONE.GRAPHML,4,20,{0.7142857142857143}
JANETBACKBONE.GRAPHML,4,15,{0.8928571428571429}
JANETBACKBONE.GRAPHML,4,25,{0.6785714285714286}
JANETBACKBONE.GRAPHML,4,14,{0.5}
KDL,2,408,{0.45050878815911194}
KDL,2,201,{0.44495837187789083}
KDL,2,715,{0.574468085106383}
KDL,2,52,{0.5578168362627197}
KDL,2,512,{0.5615171137835338}
KDL,2,98,{0.45790934320074006}
KDL,2,233,{0.7021276595744681}
KDL,2,25,{0.6799259944495837}
KDL,2,670,{0.8529139685476411}
KDL,2,230,{0.5883441258094357}
KDL,2,495,{0.4884366327474561}
KDL,2,509,{0.5948196114708603}
KDL,2,131,{1.062904717853839}
KDL,2,196,{0.5615171137835338}
KDL,2,594,{0.6244218316373727}
KDL,2,204,{0.46808510638297873}
KDL,2,195,{0.5901942645698427}
KDL,2,428,{1.059204440333025}
KDL,2,624,{0.6586493987049029}
KDL,2,704,{0.5652173913043478}
KDL,2,725,{0.4921369102682701}
KDL,2,162,{0.47548566142460685}
KDL,2,32,{0.6891766882516188}
KDL,2,553,{0.9685476410730804}
KDL,2,137,{0.580018501387604}
KDL,2,200,{0.4727104532839963}
KDL,2,561,{0.8908418131359852}
KDL,2,18,{0.4671600370027752}
KDL,2,151,{0.6827012025901943}
KDL,2,293,{0.5208140610545791}
KDL,2,455,{0.727104532839963}
KDL,2,472,{0.7511563367252544}
KDL,2,680,{0.61054579093432}
KDL,2,588,{0.8566142460684552}
KDL,2,74,{0.6873265494912119}
KDL,2,147,{0.7187789084181314}
KDL,2,315,{0.8196114708603145}
KDL,2,354,{0.6641998149861239}
KDL,2,487,{0.47363552266419984}
KDL,2,571,{0.8871415356151712}
KDL,2,590,{0.7252543940795559}
KDL,2,690,{0.6308973172987974}
KDL,2,741,{0.6281221091581869}
KDL,2,87,{0.486586493987049}
KDL,2,508,{0.6281221091581869}
KDL,2,613,{0.4569842738205365}
KDL,2,729,{0.5346901017576319}
KDL,3,201,{0.23683473389355741}
KDL,3,23,{0.30938375350140057}
KDL,3,18,{0.2434173669467787}
KDL,3,25,{0.31932773109243695}
KDL,3,137,{0.2861344537815126}
KDL,3,200,{0.24551820728291315}
KDL,3,24,{0.2488795518207283}
KDL,3,162,{0.2469187675070028}
KDL,3,16,{0.42745098039215684}
KDL,3,32,{0.3070028011204482}
KDL,3,131,{0.42633053221288514}
KDL,3,40,{0.29565826330532213}
KDL,3,230,{0.2750700280112045}
KDL,3,408,{0.23753501400560223}
KDL,3,84,{0.33123249299719887}
KDL,3,74,{0.30098039215686273}
KDL,3,99,{0.25980392156862747}
KDL,3,196,{0.2747899159663866}
KDL,3,233,{0.3011204481792717}
KDL,3,28,{0.28921568627450983}
KDL,3,39,{0.3096638655462185}
KDL,3,5,{0.38053221288515404}
KDL,3,6,{0.35980392156862745}
KDL,3,95,{0.25126050420168067}
KDL,3,63,{0.3876750700280112}
KDL,3,42,{0.24439775910364145}
KDL,3,41,{0.3022408963585434}
KDL,3,17,{0.4414565826330532}
KDL,3,195,{0.2801120448179272}
KDL,3,147,{0.31512605042016806}
KDL,3,128,{0.43109243697478994}
KDL,3,61,{0.39915966386554624}
KDL,3,238,{0.31848739495798317}
KDL,3,495,{0.25658263305322127}
KDL,3,509,{0.27899159663865547}
KDL,3,143,{0.40588235294117647}
KDL,3,127,{0.4295518207282913}
KDL,3,0,{0.33165266106442576}
KDL,3,512,{0.2672268907563025}
KDL,3,72,{0.3668067226890756}
KDL,3,75,{0.30938375350140057}
KDL,3,293,{0.27058823529411763}
KDL,3,60,{0.3226890756302521}
KDL,3,64,{0.32492997198879553}
KDL,3,239,{0.2823529411764706}
KDL,3,242,{0.26554621848739496}
KDL,3,247,{0.25}
KDL,3,44,{0.28249299719887955}
KDL,3,171,{0.3074229691876751}
KDL,3,22,{0.30714285714285716}
KDL,3,112,{0.3142857142857143}
KDL,3,71,{0.3739495798319328}
KDL,3,79,{0.3172268907563025}
KDL,3,65,{0.39943977591036417}
KDL,3,561,{0.3637254901960784}
KDL,3,20,{0.3194677871148459}
KDL,3,21,{0.3680672268907563}
KDL,3,205,{0.25126050420168067}
KDL,3,182,{0.30056022408963584}
KDL,3,153,{0.3212885154061625}
KDL,3,161,{0.25252100840336134}
KDL,3,1,{0.37478991596638656}
KDL,3,2,{0.3621848739495798}
KDL,3,3,{0.3689075630252101}
KDL,3,4,{0.3603641456582633}
KDL,3,411,{0.2434173669467787}
KDL,3,110,{0.27983193277310925}
KDL,3,130,{0.4173669467787115}
KDL,3,106,{0.4096638655462185}
KDL,3,338,{0.26176470588235295}
KDL,3,83,{0.2864145658263305}
KDL,3,76,{0.3319327731092437}
KDL,3,320,{0.2799719887955182}
KDL,3,315,{0.3502801120448179}
KDL,3,262,{0.3168067226890756}
KDL,3,50,{0.2689075630252101}
KDL,3,54,{0.3051820728291317}
KDL,3,234,{0.2987394957983193}
KDL,3,206,{0.2515406162464986}
KDL,3,8,{0.47703081232493}
KDL,3,9,{0.4819327731092437}
KDL,3,10,{0.49019607843137253}
KDL,3,11,{0.5067226890756302}
KDL,3,12,{0.5490196078431373}
KDL,3,438,{0.3516806722689076}
KDL,3,455,{0.3254901960784314}
KDL,3,472,{0.32857142857142857}
KDL,3,390,{0.3130252100840336}
KDL,3,125,{0.39397759103641455}
KDL,3,428,{0.4301120448179272}
KDL,3,100,{0.3990196078431373}
KDL,3,354,{0.31442577030812324}
KDL,3,314,{0.3355742296918767}
KDL,3,56,{0.5}
KDL,3,58,{0.43221288515406164}
KDL,3,19,{0.2736694677871149}
KDL,3,26,{0.338515406162465}
KDL,3,31,{0.34859943977591035}
KDL,3,183,{0.292296918767507}
KDL,3,466,{0.415546218487395}
KDL,3,140,{0.4837535014005602}
KDL,3,145,{0.30714285714285716}
KDL,3,149,{0.3815126050420168}
KDL,3,105,{0.4261904761904762}
KDL,3,107,{0.40224089635854343}
KDL,3,126,{0.46302521008403363}
KDL,3,68,{0.30392156862745096}
KDL,3,302,{0.3176470588235294}
KDL,3,268,{0.3096638655462185}
KDL,3,594,{0.28249299719887955}
KDL,3,226,{0.296218487394958}
KDL,3,246,{0.27941176470588236}
KDL,3,505,{0.24943977591036415}
KDL,3,141,{0.46260504201680674}
KDL,3,158,{0.33613445378151263}
KDL,3,160,{0.3675070028011205}
KDL,3,487,{0.24411764705882352}
KDL,3,424,{0.44509803921568625}
KDL,3,85,{0.34775910364145657}
KDL,3,102,{0.4796918767507003}
KDL,4,201,{0.23445378151260504}
KDL,4,18,{0.23935574229691878}
KDL,4,23,{0.3105042016806723}
KDL,4,25,{0.32072829131652664}
KDL,4,137,{0.2852941176470588}
KDL,4,87,{0.2529411764705882}
KDL,4,200,{0.2434173669467787}
KDL,4,24,{0.24425770308123249}
KDL,4,32,{0.3085434173669468}
KDL,4,162,{0.24439775910364145}
KDL,4,16,{0.430952380952381}
KDL,4,131,{0.419327731092437}
KDL,4,408,{0.2357142857142857}
KDL,4,230,{0.26932773109243696}
KDL,4,40,{0.2887955182072829}
KDL,4,84,{0.3330532212885154}
KDL,4,74,{0.29453781512605043}
KDL,4,233,{0.2939775910364146}
KDL,4,196,{0.2754901960784314}
KDL,4,99,{0.25630252100840334}
KDL,4,39,{0.31134453781512605}
KDL,4,28,{0.2833333333333333}
KDL,4,6,{0.3619047619047619}
KDL,4,5,{0.38305322128851543}
KDL,4,95,{0.24803921568627452}
KDL,4,63,{0.3836134453781513}
KDL,4,42,{0.24089635854341737}
KDL,4,41,{0.29551820728291317}
KDL,4,195,{0.2812324929971989}
KDL,4,147,{0.31484593837535013}
KDL,4,17,{0.4449579831932773}
KDL,4,128,{0.4242296918767507}
KDL,4,61,{0.3953781512605042}
KDL,4,238,{0.31820728291316525}
KDL,4,509,{0.2801120448179272}
KDL,4,495,{0.25252100840336134}
KDL,4,512,{0.2680672268907563}
KDL,4,143,{0.3988795518207283}
KDL,4,127,{0.42254901960784313}
KDL,4,0,{0.330812324929972}
KDL,4,293,{0.2665266106442577}
KDL,4,75,{0.3026610644257703}
KDL,4,72,{0.3596638655462185}
KDL,4,64,{0.31848739495798317}
KDL,4,60,{0.31666666666666665}
KDL,4,247,{0.24817927170868348}
KDL,4,242,{0.2658263305322129}
KDL,4,239,{0.28319327731092436}
KDL,4,44,{0.27675070028011206}
KDL,4,22,{0.3081232492997199}
KDL,4,171,{0.30840336134453783}
KDL,4,112,{0.307843137254902}
KDL,4,79,{0.3107843137254902}
KDL,4,71,{0.36722689075630255}
KDL,4,65,{0.3956582633053221}
KDL,4,561,{0.35672268907563026}
KDL,4,205,{0.25}
KDL,4,182,{0.29747899159663865}
KDL,4,21,{0.3661064425770308}
KDL,4,20,{0.31974789915966384}
KDL,4,161,{0.24971988795518207}
KDL,4,153,{0.31750700280112043}
KDL,4,411,{0.24201680672268908}
KDL,4,130,{0.4103641456582633}
KDL,4,110,{0.2803921568627451}
KDL,4,106,{0.41386554621848737}
KDL,4,4,{0.35784313725490197}
KDL,4,3,{0.3682072829131653}
KDL,4,2,{0.35938375350140056}
KDL,4,1,{0.3738095238095238}
KDL,4,338,{0.26134453781512607}
KDL,4,83,{0.2861344537815126}
KDL,4,320,{0.2803921568627451}
KDL,4,315,{0.3528011204481793}
KDL,4,76,{0.3254901960784314}
KDL,4,262,{0.31288515406162465}
KDL,4,54,{0.30322128851540614}
KDL,4,50,{0.26400560224089636}
KDL,4,234,{0.29187675070028013}
KDL,4,206,{0.24929971988795518}
KDL,4,438,{0.3445378151260504}
KDL,4,472,{0.32212885154061627}
KDL,4,455,{0.319187675070028}
KDL,4,13,{0.4799719887955182}
KDL,4,12,{0.542296918767507}
KDL,4,10,{0.49453781512605044}
KDL,4,9,{0.47759103641456585}
KDL,4,8,{0.47296918767507}
KDL,4,391,{0.3047619047619048}
KDL,4,390,{0.3058823529411765}
KDL,4,428,{0.43487394957983194}
KDL,4,125,{0.3869747899159664}
KDL,4,354,{0.30980392156862746}
KDL,4,100,{0.4028011204481793}
KDL,4,314,{0.3380952380952381}
KDL,4,58,{0.4284313725490196}
KDL,4,56,{0.49327731092436977}
KDL,4,183,{0.28921568627450983}
KDL,4,31,{0.35126050420168065}
KDL,4,26,{0.3400560224089636}
KDL,4,19,{0.2694677871148459}
KDL,4,466,{0.40868347338935573}
KDL,4,149,{0.3843137254901961}
KDL,4,145,{0.3085434173669468}
KDL,4,140,{0.47703081232493}
KDL,4,126,{0.4561624649859944}
KDL,4,107,{0.4061624649859944}
KDL,4,105,{0.4303921568627451}
KDL,4,302,{0.3105042016806723}
KDL,4,68,{0.3025210084033613}
KDL,4,594,{0.27605042016806725}
KDL,4,268,{0.30322128851540614}
KDL,4,246,{0.2799719887955182}
KDL,4,226,{0.2897759103641457}
KDL,4,505,{0.2488795518207283}
KDL,4,487,{0.23977591036414567}
KDL,4,160,{0.3637254901960784}
KDL,4,158,{0.3319327731092437}
KDL,4,141,{0.45560224089635853}
KDL,4,424,{0.44985994397759105}
LATNET.GRAPHML,2,30,{0.5}
LATNET.GRAPHML,2,42,{0.8333333333333334}
LATNET.GRAPHML,2,48,{0.8333333333333334}
LATNET.GRAPHML,2,22,{0.8333333333333334}
LATNET.GRAPHML,3,23,{0.7090909090909091}
LATNET.GRAPHML,3,6,{0.6909090909090909}
LATNET.GRAPHML,3,56,{0.6909090909090909}
LATNET.GRAPHML,3,66,{0.7272727272727273}
LATNET.GRAPHML,3,19,{0.7090909090909091}
LATNET.GRAPHML,3,38,{0.7272727272727273}
LATNET.GRAPHML,3,11,{0.7272727272727273}
LATNET.GRAPHML,3,63,{0.7272727272727273}
LATNET.GRAPHML,3,5,{0.7272727272727273}
LATNET.GRAPHML,3,20,{0.7272727272727273}
LATNET.GRAPHML,3,32,{0.7272727272727273}
LATNET.GRAPHML,4,2,{0.7333333333333333}
LATNET.GRAPHML,4,48,{0.7333333333333333}
LATNET.GRAPHML,4,42,{0.7333333333333333}
LATNET.GRAPHML,4,10,{0.7333333333333333}
LATNET.GRAPHML,4,22,{0.7333333333333333}
LATNET.GRAPHML,4,63,{1.0}
MISSOURI.GRAPHML,2,4,{0.41830065359477125}
MISSOURI.GRAPHML,2,62,{0.41830065359477125}
MISSOURI.GRAPHML,2,17,{0.46405228758169936}
MISSOURI.GRAPHML,2,34,{0.46405228758169936}
MISSOURI.GRAPHML,2,41,{0.47058823529411764}
MISSOURI.GRAPHML,2,2,{0.7124183006535948}
MISSOURI.GRAPHML,2,30,{0.45751633986928103}
MISSOURI.GRAPHML,2,7,{0.46405228758169936}
MISSOURI.GRAPHML,2,11,{0.43137254901960786}
MISSOURI.GRAPHML,2,16,{0.47058823529411764}
MISSOURI.GRAPHML,2,42,{0.5555555555555556}
MISSOURI.GRAPHML,2,45,{0.5228758169934641}
MISSOURI.GRAPHML,2,58,{0.6078431372549019}
MISSOURI.GRAPHML,2,61,{0.49019607843137253}
MISSOURI.GRAPHML,2,9,{0.6666666666666666}
MISSOURI.GRAPHML,2,14,{0.4444444444444444}
MISSOURI.GRAPHML,2,49,{0.45751633986928103}
MISSOURI.GRAPHML,2,66,{0.5947712418300654}
MISSOURI.GRAPHML,3,1,{0.6}
MISSOURI.GRAPHML,3,17,{0.5142857142857142}
MISSOURI.GRAPHML,3,11,{0.4857142857142857}
MISSOURI.GRAPHML,3,34,{0.6285714285714286}
MISSOURI.GRAPHML,3,41,{0.49523809523809526}
MISSOURI.GRAPHML,3,9,{0.6857142857142857}
MISSOURI.GRAPHML,3,2,{1.0285714285714285}
MISSOURI.GRAPHML,3,16,{0.5619047619047619}
MISSOURI.GRAPHML,3,30,{0.4857142857142857}
MISSOURI.GRAPHML,3,5,{0.638095238095238}
MISSOURI.GRAPHML,3,62,{0.580952380952381}
MISSOURI.GRAPHML,3,14,{0.47619047619047616}
MISSOURI.GRAPHML,3,42,{0.6}
MISSOURI.GRAPHML,3,45,{0.638095238095238}
MISSOURI.GRAPHML,3,12,{0.7428571428571429}
MISSOURI.GRAPHML,4,1,{0.6703296703296703}
MISSOURI.GRAPHML,4,17,{0.5274725274725275}
MISSOURI.GRAPHML,4,11,{0.5274725274725275}
MISSOURI.GRAPHML,4,2,{1.1318681318681318}
MISSOURI.GRAPHML,4,9,{0.7032967032967034}
MISSOURI.GRAPHML,4,41,{0.5054945054945055}
MISSOURI.GRAPHML,4,16,{0.5934065934065934}
MISSOURI.GRAPHML,4,5,{0.7032967032967034}
MISSOURI.GRAPHML,4,30,{0.5054945054945055}
MISSOURI.GRAPHML,4,62,{0.6593406593406593}
MISSOURI.GRAPHML,4,14,{0.5054945054945055}
MISSOURI.GRAPHML,4,42,{0.6153846153846154}
MISSOURI.GRAPHML,4,12,{0.7692307692307693}
MISSOURI.GRAPHML,4,45,{0.7032967032967034}
NET2,2,3,{0.6444444444444445}
NET2,2,24,{0.6444444444444445}
NET2,2,32,{1.0}
NET2,2,5,{0.7555555555555555}
NET2,2,4,{0.7333333333333333}
NET2,2,15,{0.7333333333333333}
NET2,2,29,{0.7777777777777778}
NET2,2,1,{0.6888888888888889}
NET2,2,9,{0.8666666666666667}
NET2,2,17,{0.7555555555555555}
NET2,3,3,{0.75}
NET2,3,4,{0.8055555555555556}
NET2,3,1,{0.8888888888888888}
NET2,3,0,{1.0555555555555556}
NET2,3,28,{0.9444444444444444}
NET2,3,24,{0.7222222222222222}
NET2,3,29,{0.8888888888888888}
NET2,3,9,{1.0833333333333333}
NET2,3,17,{0.9166666666666666}
NET2,4,3,{0.75}
NET2,4,4,{0.8055555555555556}
NET2,4,1,{0.8888888888888888}
NET2,4,0,{1.0555555555555556}
NET2,4,28,{0.9444444444444444}
NET2,4,24,{0.7222222222222222}
NET2,4,29,{0.8888888888888888}
NET2,4,9,{1.0833333333333333}
NET2,4,17,{0.9166666666666666}
NIIF.GRAPHML,2,32,{1.0}
NIIF.GRAPHML,2,23,{1.0}
NIIF.GRAPHML,3,25,{1.1}
NIIF.GRAPHML,3,27,{1.5}
NIIF.GRAPHML,3,19,{1.3}
NIIF.GRAPHML,3,1,{1.4}
NIIF.GRAPHML,3,5,{1.5}
NIIF.GRAPHML,4,12,{1.0952380952380953}
NIIF.GRAPHML,4,24,{1.0}
NIIF.GRAPHML,4,17,{1.0476190476190477}
NIIF.GRAPHML,4,19,{1.0}
NIIF.GRAPHML,4,31,{0.8571428571428571}
NIIF.GRAPHML,4,3,{1.0476190476190477}
NIIF.GRAPHML,4,5,{1.0952380952380953}
NOEL.GRAPHML,2,15,{0.6}
NOEL.GRAPHML,2,9,{0.6}
NOEL.GRAPHML,2,18,{0.7}
NOEL.GRAPHML,2,0,{1.0}
NOEL.GRAPHML,2,8,{0.7}
NOEL.GRAPHML,3,3,{1.2}
NOEL.GRAPHML,3,2,{1.1}
NOEL.GRAPHML,3,4,{1.6}
NOEL.GRAPHML,3,12,{1.5}
NOEL.GRAPHML,3,16,{1.2}
NOEL.GRAPHML,4,2,{0.6666666666666666}
NOEL.GRAPHML,4,0,{0.8333333333333334}
NOEL.GRAPHML,4,9,{0.8333333333333334}
NOEL.GRAPHML,4,15,{0.6666666666666666}
PIONIERL3.GRAPHML,2,34,{0.5}
PIONIERL3.GRAPHML,2,0,{0.6666666666666666}
PIONIERL3.GRAPHML,2,6,{0.6666666666666666}
PIONIERL3.GRAPHML,2,13,{0.8333333333333334}
PIONIERL3.GRAPHML,3,6,{0.8}
PIONIERL3.GRAPHML,3,13,{1.0666666666666667}
PIONIERL3.GRAPHML,3,3,{1.0666666666666667}
PIONIERL3.GRAPHML,3,8,{1.7333333333333334}
PIONIERL3.GRAPHML,3,20,{0.9333333333333333}
PIONIERL3.GRAPHML,3,35,{1.0666666666666667}
PIONIERL3.GRAPHML,4,0,{0.5}
PIONIERL3.GRAPHML,4,6,{0.7}
PIONIERL3.GRAPHML,4,13,{1.0}
PIONIERL3.GRAPHML,4,3,{0.8}
PIONIERL3.GRAPHML,4,1,{0.8}
REDIRIS.GRAPHML,2,16,{0.3333333333333333}
REDIRIS.GRAPHML,2,7,{0.5333333333333333}
REDIRIS.GRAPHML,2,9,{0.5333333333333333}
REDIRIS.GRAPHML,2,12,{0.6}
REDIRIS.GRAPHML,2,3,{0.5333333333333333}
REDIRIS.GRAPHML,2,6,{0.5333333333333333}
REDIRIS.GRAPHML,3,0,{0.9523809523809523}
REDIRIS.GRAPHML,3,8,{0.7619047619047619}
REDIRIS.GRAPHML,3,13,{0.8095238095238095}
REDIRIS.GRAPHML,3,4,{0.8095238095238095}
REDIRIS.GRAPHML,3,10,{0.9523809523809523}
REDIRIS.GRAPHML,3,18,{0.7619047619047619}
REDIRIS.GRAPHML,3,12,{0.5714285714285714}
REDIRIS.GRAPHML,4,3,{1.3333333333333333}
REDIRIS.GRAPHML,4,6,{1.3333333333333333}
REDIRIS.GRAPHML,4,13,{1.3333333333333333}
REDIRIS.GRAPHML,4,8,{1.3333333333333333}
RENATER2010.GRAPHML,2,31,{1.0}
RENATER2010.GRAPHML,2,32,{0.6666666666666666}
RENATER2010.GRAPHML,2,2,{1.0}
RENATER2010.GRAPHML,3,5,{1.5}
RENATER2010.GRAPHML,3,30,{1.3333333333333333}
RENATER2010.GRAPHML,3,3,{1.5}
RENATER2010.GRAPHML,3,13,{1.6666666666666667}
RENATER2010.GRAPHML,4,0,{1.6666666666666667}
RENATER2010.GRAPHML,4,2,{1.0}
RENATER2010.GRAPHML,4,32,{1.3333333333333333}
RHNET.GRAPHML,2,10,{0.6}
RHNET.GRAPHML,2,1,{0.9}
RHNET.GRAPHML,2,11,{0.9}
RHNET.GRAPHML,2,9,{0.7}
RHNET.GRAPHML,2,15,{1.3}
RHNET.GRAPHML,3,1,{1.3333333333333333}
RHNET.GRAPHML,3,9,{1.3333333333333333}
RHNET.GRAPHML,3,11,{1.3333333333333333}
RHNET.GRAPHML,4,1,{1.3333333333333333}
RHNET.GRAPHML,4,9,{1.3333333333333333}
RHNET.GRAPHML,4,11,{1.3333333333333333}
RNP.GRAPHML,2,5,{0.6666666666666666}
RNP.GRAPHML,2,16,{0.6666666666666666}
RNP.GRAPHML,2,9,{0.6666666666666666}
RNP.GRAPHML,2,4,{0.6666666666666666}
RNP.GRAPHML,3,5,{0.7619047619047619}
RNP.GRAPHML,3,9,{1.0}
RNP.GRAPHML,3,4,{0.9047619047619048}
RNP.GRAPHML,3,0,{1.5714285714285714}
RNP.GRAPHML,3,2,{1.3333333333333333}
RNP.GRAPHML,3,1,{1.4285714285714286}
RNP.GRAPHML,3,16,{0.9047619047619048}
RNP.GRAPHML,4,5,{1.2}
RNP.GRAPHML,4,9,{1.6}
RNP.GRAPHML,4,4,{1.3}
RNP.GRAPHML,4,0,{1.9}
RNP.GRAPHML,4,2,{1.6}
ROEDUNETFIBRE.GRAPHML,2,4,{0.8095238095238095}
ROEDUNETFIBRE.GRAPHML,2,42,{1.0476190476190477}
ROEDUNETFIBRE.GRAPHML,2,16,{0.8095238095238095}
ROEDUNETFIBRE.GRAPHML,2,0,{0.8571428571428571}
ROEDUNETFIBRE.GRAPHML,2,27,{1.0476190476190477}
ROEDUNETFIBRE.GRAPHML,2,25,{0.9047619047619048}
ROEDUNETFIBRE.GRAPHML,2,44,{1.0952380952380953}
ROEDUNETFIBRE.GRAPHML,3,4,{0.7619047619047619}
ROEDUNETFIBRE.GRAPHML,3,0,{0.8095238095238095}
ROEDUNETFIBRE.GRAPHML,3,2,{0.8571428571428571}
ROEDUNETFIBRE.GRAPHML,3,16,{0.7142857142857143}
ROEDUNETFIBRE.GRAPHML,3,25,{0.8571428571428571}
ROEDUNETFIBRE.GRAPHML,3,13,{0.7619047619047619}
ROEDUNETFIBRE.GRAPHML,3,22,{1.3333333333333333}
ROEDUNETFIBRE.GRAPHML,4,4,{0.7619047619047619}
ROEDUNETFIBRE.GRAPHML,4,0,{0.8095238095238095}
ROEDUNETFIBRE.GRAPHML,4,16,{0.7142857142857143}
ROEDUNETFIBRE.GRAPHML,4,2,{0.8571428571428571}
ROEDUNETFIBRE.GRAPHML,4,13,{0.7619047619047619}
ROEDUNETFIBRE.GRAPHML,4,22,{1.3333333333333333}
ROEDUNETFIBRE.GRAPHML,4,25,{0.8571428571428571}
SINET.GRAPHML,2,34,{0.7}
SINET.GRAPHML,2,35,{0.6}
SINET.GRAPHML,2,20,{0.8}
SINET.GRAPHML,2,24,{0.7}
SINET.GRAPHML,2,49,{0.8}
SINET.GRAPHML,3,66,{0.8214285714285714}
SINET.GRAPHML,3,70,{1.0357142857142858}
SINET.GRAPHML,3,4,{0.9285714285714286}
SINET.GRAPHML,3,18,{0.8214285714285714}
SINET.GRAPHML,3,52,{0.9285714285714286}
SINET.GRAPHML,3,6,{1.0357142857142858}
SINET.GRAPHML,3,35,{0.8928571428571429}
SINET.GRAPHML,3,0,{0.8214285714285714}
SINET.GRAPHML,4,73,{1.1071428571428572}
SINET.GRAPHML,4,70,{1.1071428571428572}
SINET.GRAPHML,4,63,{1.1785714285714286}
SINET.GRAPHML,4,66,{0.8928571428571429}
SINET.GRAPHML,4,27,{1.1071428571428572}
SINET.GRAPHML,4,50,{0.8928571428571429}
SINET.GRAPHML,4,57,{1.0}
SINET.GRAPHML,4,52,{1.0}
SPRINT,2,4,{0.6666666666666666}
SPRINT,2,10,{1.0}
SPRINT,2,0,{1.0}
SPRINT,3,1,{2.3333333333333335}
SPRINT,3,3,{2.0}
SPRINT,3,2,{2.3333333333333335}
SPRINT,4,2,{2.0}
SPRINT,4,10,{1.3333333333333333}
SPRINT,4,9,{1.3333333333333333}
SUNET.GRAPHML,2,2,{1.0666666666666667}
SUNET.GRAPHML,2,16,{1.0}
SUNET.GRAPHML,2,1,{1.1333333333333333}
SUNET.GRAPHML,2,9,{1.3333333333333333}
SUNET.GRAPHML,2,10,{1.4}
SUNET.GRAPHML,2,22,{1.5333333333333334}
SUNET.GRAPHML,3,1,{1.3}
SUNET.GRAPHML,3,2,{1.3}
SUNET.GRAPHML,3,9,{1.4}
SUNET.GRAPHML,3,10,{1.4}
SUNET.GRAPHML,3,16,{1.2}
SUNET.GRAPHML,4,2,{1.8333333333333333}
SUNET.GRAPHML,4,9,{1.6666666666666667}
SUNET.GRAPHML,4,17,{1.6666666666666667}
SUNET.GRAPHML,4,10,{1.8333333333333333}
SURFNET.GRAPHML,2,8,{0.5}
SURFNET.GRAPHML,2,30,{0.6666666666666666}
SURFNET.GRAPHML,2,38,{0.6666666666666666}
SURFNET.GRAPHML,2,47,{0.8333333333333334}
SURFNET.GRAPHML,3,13,{0.5636363636363636}
SURFNET.GRAPHML,3,3,{0.6909090909090909}
SURFNET.GRAPHML,3,2,{0.8545454545454545}
SURFNET.GRAPHML,3,22,{0.5818181818181818}
SURFNET.GRAPHML,3,8,{0.43636363636363634}
SURFNET.GRAPHML,3,20,{1.1272727272727272}
SURFNET.GRAPHML,3,35,{0.6}
SURFNET.GRAPHML,3,38,{0.4727272727272727}
SURFNET.GRAPHML,3,14,{0.7272727272727273}
SURFNET.GRAPHML,3,24,{0.6909090909090909}
SURFNET.GRAPHML,3,32,{0.5636363636363636}
SURFNET.GRAPHML,4,8,{0.42857142857142855}
SURFNET.GRAPHML,4,1,{0.5}
SURFNET.GRAPHML,4,4,{0.6071428571428571}
SURFNET.GRAPHML,4,3,{0.6428571428571429}
SURFNET.GRAPHML,4,30,{0.5}
SURFNET.GRAPHML,4,19,{0.7142857142857143}
SURFNET.GRAPHML,4,2,{0.8214285714285714}
SURFNET.GRAPHML,4,13,{0.7142857142857143}
SWITCHL3.GRAPHML,2,35,{0.39285714285714285}
SWITCHL3.GRAPHML,2,7,{0.39285714285714285}
SWITCHL3.GRAPHML,2,34,{0.4642857142857143}
SWITCHL3.GRAPHML,2,37,{0.42857142857142855}
SWITCHL3.GRAPHML,2,30,{0.42857142857142855}
SWITCHL3.GRAPHML,2,31,{0.5357142857142857}
SWITCHL3.GRAPHML,2,1,{0.5357142857142857}
SWITCHL3.GRAPHML,2,23,{0.6071428571428571}
SWITCHL3.GRAPHML,3,34,{0.8666666666666667}
SWITCHL3.GRAPHML,3,32,{1.0}
SWITCHL3.GRAPHML,3,33,{0.9333333333333333}
SWITCHL3.GRAPHML,3,12,{1.3333333333333333}
SWITCHL3.GRAPHML,3,0,{1.0}
SWITCHL3.GRAPHML,3,22,{1.0}
SWITCHL3.GRAPHML,4,39,{0.6444444444444445}
SWITCHL3.GRAPHML,4,16,{0.8}
SWITCHL3.GRAPHML,4,41,{0.5555555555555556}
SWITCHL3.GRAPHML,4,27,{0.8}
SWITCHL3.GRAPHML,4,34,{0.6666666666666666}
SWITCHL3.GRAPHML,4,20,{0.7555555555555555}
SWITCHL3.GRAPHML,4,24,{0.6888888888888889}
SWITCHL3.GRAPHML,4,28,{0.6222222222222222}
SWITCHL3.GRAPHML,4,22,{0.7111111111111111}
SWITCHL3.GRAPHML,4,23,{0.6444444444444445}
TATANLD.GRAPHML,2,52,{0.7714285714285715}
TATANLD.GRAPHML,2,71,{0.5904761904761905}
TATANLD.GRAPHML,2,46,{0.780952380952381}
TATANLD.GRAPHML,2,98,{0.5238095238095238}
TATANLD.GRAPHML,2,95,{0.5476190476190477}
TATANLD.GRAPHML,2,120,{0.5904761904761905}
TATANLD.GRAPHML,2,25,{0.638095238095238}
TATANLD.GRAPHML,2,37,{0.8523809523809524}
TATANLD.GRAPHML,2,128,{0.719047619047619}
TATANLD.GRAPHML,2,81,{0.6476190476190476}
TATANLD.GRAPHML,2,129,{1.1047619047619048}
TATANLD.GRAPHML,2,97,{0.5380952380952381}
TATANLD.GRAPHML,2,32,{1.0142857142857142}
TATANLD.GRAPHML,2,60,{0.6238095238095238}
TATANLD.GRAPHML,2,76,{0.5666666666666667}
TATANLD.GRAPHML,2,91,{0.6952380952380952}
TATANLD.GRAPHML,2,141,{1.1333333333333333}
TATANLD.GRAPHML,2,23,{0.7047619047619048}
TATANLD.GRAPHML,2,47,{0.861904761904762}
TATANLD.GRAPHML,2,104,{0.6047619047619047}
TATANLD.GRAPHML,2,119,{0.6523809523809524}
TATANLD.GRAPHML,3,1,{0.7272727272727273}
TATANLD.GRAPHML,3,25,{0.6561264822134387}
TATANLD.GRAPHML,3,52,{0.7075098814229249}
TATANLD.GRAPHML,3,71,{0.4980237154150198}
TATANLD.GRAPHML,3,46,{0.7391304347826086}
TATANLD.GRAPHML,3,23,{0.7193675889328063}
TATANLD.GRAPHML,3,32,{0.9565217391304348}
TATANLD.GRAPHML,3,12,{0.7628458498023716}
TATANLD.GRAPHML,3,15,{0.541501976284585}
TATANLD.GRAPHML,3,37,{0.841897233201581}
TATANLD.GRAPHML,3,95,{0.5019762845849802}
TATANLD.GRAPHML,3,19,{0.5810276679841897}
TATANLD.GRAPHML,3,47,{0.8221343873517787}
TATANLD.GRAPHML,3,26,{0.6521739130434783}
TATANLD.GRAPHML,3,11,{0.6956521739130435}
TATANLD.GRAPHML,3,53,{0.6877470355731226}
TATANLD.GRAPHML,3,98,{0.5454545454545454}
TATANLD.GRAPHML,3,60,{0.5098814229249012}
TATANLD.GRAPHML,3,97,{0.5652173913043478}
TATANLD.GRAPHML,3,76,{0.5968379446640316}
TATANLD.GRAPHML,3,0,{0.9130434782608695}
TATANLD.GRAPHML,3,3,{0.9525691699604744}
TATANLD.GRAPHML,3,120,{0.541501976284585}
TATANLD.GRAPHML,4,1,{0.7952380952380952}
TATANLD.GRAPHML,4,25,{0.6761904761904762}
TATANLD.GRAPHML,4,71,{0.5523809523809524}
TATANLD.GRAPHML,4,52,{0.7476190476190476}
TATANLD.GRAPHML,4,23,{0.7428571428571429}
TATANLD.GRAPHML,4,46,{0.8238095238095238}
TATANLD.GRAPHML,4,32,{1.019047619047619}
TATANLD.GRAPHML,4,15,{0.6047619047619047}
TATANLD.GRAPHML,4,12,{0.8714285714285714}
TATANLD.GRAPHML,4,19,{0.6619047619047619}
TATANLD.GRAPHML,4,95,{0.5523809523809524}
TATANLD.GRAPHML,4,47,{0.9142857142857143}
TATANLD.GRAPHML,4,37,{0.8809523809523809}
TATANLD.GRAPHML,4,27,{0.6619047619047619}
TATANLD.GRAPHML,4,53,{0.7333333333333333}
TATANLD.GRAPHML,4,11,{0.7904761904761904}
TATANLD.GRAPHML,4,97,{0.5904761904761905}
TATANLD.GRAPHML,4,60,{0.5666666666666667}
TATANLD.GRAPHML,4,3,{1.0904761904761904}
TATANLD.GRAPHML,4,98,{0.5761904761904761}
TATANLD.GRAPHML,4,76,{0.6142857142857143}
TINET.GRAPHML,2,34,{0.38095238095238093}
TINET.GRAPHML,2,37,{0.42857142857142855}
TINET.GRAPHML,2,41,{0.5238095238095238}
TINET.GRAPHML,2,5,{0.47619047619047616}
TINET.GRAPHML,2,8,{0.47619047619047616}
TINET.GRAPHML,2,4,{0.47619047619047616}
TINET.GRAPHML,2,35,{0.5714285714285714}
TINET.GRAPHML,3,7,{1.8333333333333333}
TINET.GRAPHML,3,18,{2.1666666666666665}
TINET.GRAPHML,3,23,{2.1666666666666665}
TINET.GRAPHML,3,12,{3.1666666666666665}
TINET.GRAPHML,4,48,{1.1555555555555554}
TINET.GRAPHML,4,46,{0.8666666666666667}
TINET.GRAPHML,4,52,{1.2444444444444445}
TINET.GRAPHML,4,36,{0.8666666666666667}
TINET.GRAPHML,4,30,{0.9777777777777777}
TINET.GRAPHML,4,40,{0.8222222222222222}
TINET.GRAPHML,4,13,{1.0444444444444445}
TINET.GRAPHML,4,38,{0.8}
TINET.GRAPHML,4,32,{0.8444444444444444}
TINET.GRAPHML,4,16,{1.0222222222222221}
ULAKNET.GRAPHML,2,76,{0.6666666666666666}
ULAKNET.GRAPHML,2,75,{0.6666666666666666}
ULAKNET.GRAPHML,2,74,{0.6666666666666666}
ULAKNET.GRAPHML,3,37,{1.2}
ULAKNET.GRAPHML,3,38,{1.2}
ULAKNET.GRAPHML,3,39,{1.2}
ULAKNET.GRAPHML,3,40,{1.2}
ULAKNET.GRAPHML,3,81,{1.2}
ULAKNET.GRAPHML,3,76,{0.6666666666666666}
ULAKNET.GRAPHML,4,74,{1.0}
ULAKNET.GRAPHML,4,75,{1.0}
UNINETT2010.GRAPHML,2,66,{0.39285714285714285}
UNINETT2010.GRAPHML,2,3,{0.39285714285714285}
UNINETT2010.GRAPHML,2,67,{0.42857142857142855}
UNINETT2010.GRAPHML,2,0,{0.42857142857142855}
UNINETT2010.GRAPHML,2,1,{0.42857142857142855}
UNINETT2010.GRAPHML,2,17,{0.5}
UNINETT2010.GRAPHML,2,37,{0.6428571428571429}
UNINETT2010.GRAPHML,2,41,{0.5}
UNINETT2010.GRAPHML,3,26,{0.45054945054945056}
UNINETT2010.GRAPHML,3,2,{0.5384615384615384}
UNINETT2010.GRAPHML,3,17,{0.5054945054945055}
UNINETT2010.GRAPHML,3,9,{0.5494505494505495}
UNINETT2010.GRAPHML,3,32,{0.5824175824175825}
UNINETT2010.GRAPHML,3,0,{0.4835164835164835}
UNINETT2010.GRAPHML,3,5,{0.6373626373626373}
UNINETT2010.GRAPHML,3,3,{0.4065934065934066}
UNINETT2010.GRAPHML,3,28,{0.8351648351648352}
UNINETT2010.GRAPHML,3,31,{0.7362637362637363}
UNINETT2010.GRAPHML,3,51,{0.5384615384615384}
UNINETT2010.GRAPHML,3,53,{0.7912087912087912}
UNINETT2010.GRAPHML,3,46,{0.6043956043956044}
UNINETT2010.GRAPHML,3,11,{0.5824175824175825}
UNINETT2010.GRAPHML,4,1,{0.29523809523809524}
UNINETT2010.GRAPHML,4,0,{0.3333333333333333}
UNINETT2010.GRAPHML,4,8,{0.37142857142857144}
UNINETT2010.GRAPHML,4,10,{0.3619047619047619}
UNINETT2010.GRAPHML,4,17,{0.4}
UNINETT2010.GRAPHML,4,22,{0.4}
UNINETT2010.GRAPHML,4,9,{0.45714285714285713}
UNINETT2010.GRAPHML,4,2,{0.4}
UNINETT2010.GRAPHML,4,26,{0.3523809523809524}
UNINETT2010.GRAPHML,4,66,{0.2857142857142857}
UNINETT2010.GRAPHML,4,6,{0.38095238095238093}
UNINETT2010.GRAPHML,4,5,{0.44761904761904764}
UNINETT2010.GRAPHML,4,29,{0.47619047619047616}
UNINETT2010.GRAPHML,4,67,{0.3047619047619048}
UNINETT2010.GRAPHML,4,7,{0.4666666666666667}
USCARRIER,2,7,{0.5321637426900585}
USCARRIER,2,77,{0.7953216374269005}
USCARRIER,2,109,{0.5730994152046783}
USCARRIER,2,50,{1.087719298245614}
USCARRIER,2,133,{0.7192982456140351}
USCARRIER,2,18,{0.7192982456140351}
USCARRIER,2,119,{0.5672514619883041}
USCARRIER,2,9,{0.5672514619883041}
USCARRIER,2,57,{1.1754385964912282}
USCARRIER,2,103,{0.7485380116959064}
USCARRIER,2,106,{0.6257309941520468}
USCARRIER,2,86,{0.6432748538011696}
USCARRIER,2,135,{0.8830409356725146}
USCARRIER,2,33,{0.7777777777777778}
USCARRIER,2,53,{1.087719298245614}
USCARRIER,2,91,{0.8128654970760234}
USCARRIER,2,97,{0.7719298245614035}
USCARRIER,2,157,{1.0584795321637428}
USCARRIER,2,124,{1.0116959064327486}
USCARRIER,3,7,{0.3827956989247312}
USCARRIER,3,50,{0.6946236559139785}
USCARRIER,3,19,{0.5010752688172043}
USCARRIER,3,57,{0.7440860215053764}
USCARRIER,3,15,{0.5419354838709678}
USCARRIER,3,77,{0.5225806451612903}
USCARRIER,3,109,{0.410752688172043}
USCARRIER,3,30,{0.5548387096774193}
USCARRIER,3,6,{0.7032258064516129}
USCARRIER,3,26,{0.5096774193548387}
USCARRIER,3,53,{0.6795698924731183}
USCARRIER,3,2,{0.5763440860215053}
USCARRIER,3,4,{0.6709677419354839}
USCARRIER,3,86,{0.443010752688172}
USCARRIER,3,34,{0.5225806451612903}
USCARRIER,3,69,{0.5849462365591398}
USCARRIER,3,119,{0.3978494623655914}
USCARRIER,3,24,{0.45161290322580644}
USCARRIER,3,16,{0.5827956989247312}
USCARRIER,3,103,{0.5010752688172043}
USCARRIER,3,106,{0.44086021505376344}
USCARRIER,3,32,{0.4774193548387097}
USCARRIER,3,36,{0.5440860215053763}
USCARRIER,3,39,{0.5440860215053763}
USCARRIER,3,61,{0.6903225806451613}
USCARRIER,3,46,{0.7784946236559139}
USCARRIER,3,91,{0.5483870967741935}
USCARRIER,3,76,{0.6473118279569893}
USCARRIER,3,51,{0.7569892473118279}
USCARRIER,3,52,{0.7419354838709677}
USCARRIER,3,133,{0.4838709677419355}
USCARRIER,4,7,{0.3827956989247312}
USCARRIER,4,50,{0.6946236559139785}
USCARRIER,4,19,{0.5010752688172043}
USCARRIER,4,15,{0.5419354838709678}
USCARRIER,4,57,{0.7440860215053764}
USCARRIER,4,77,{0.5225806451612903}
USCARRIER,4,109,{0.410752688172043}
USCARRIER,4,6,{0.7032258064516129}
USCARRIER,4,26,{0.5096774193548387}
USCARRIER,4,30,{0.5548387096774193}
USCARRIER,4,4,{0.6709677419354839}
USCARRIER,4,2,{0.5763440860215053}
USCARRIER,4,53,{0.6795698924731183}
USCARRIER,4,86,{0.443010752688172}
USCARRIER,4,34,{0.5225806451612903}
USCARRIER,4,69,{0.5849462365591398}
USCARRIER,4,119,{0.3978494623655914}
USCARRIER,4,16,{0.5827956989247312}
USCARRIER,4,24,{0.45161290322580644}
USCARRIER,4,39,{0.5440860215053763}
USCARRIER,4,36,{0.5440860215053763}
USCARRIER,4,32,{0.4774193548387097}
USCARRIER,4,61,{0.6903225806451613}
USCARRIER,4,103,{0.5010752688172043}
USCARRIER,4,106,{0.44086021505376344}
USCARRIER,4,46,{0.7784946236559139}
USCARRIER,4,51,{0.7569892473118279}
USCARRIER,4,52,{0.7419354838709677}
USCARRIER,4,76,{0.6473118279569893}
USCARRIER,4,91,{0.5483870967741935}
USCARRIER,4,133,{0.4838709677419355}
USCARRIER.GRAPHML,2,7,{0.5321637426900585}
USCARRIER.GRAPHML,2,77,{0.7953216374269005}
USCARRIER.GRAPHML,2,109,{0.5730994152046783}
USCARRIER.GRAPHML,2,50,{1.087719298245614}
USCARRIER.GRAPHML,2,133,{0.7192982456140351}
USCARRIER.GRAPHML,2,18,{0.7192982456140351}
USCARRIER.GRAPHML,2,119,{0.5672514619883041}
USCARRIER.GRAPHML,2,9,{0.5672514619883041}
USCARRIER.GRAPHML,2,57,{1.1754385964912282}
USCARRIER.GRAPHML,2,103,{0.7485380116959064}
USCARRIER.GRAPHML,2,106,{0.6257309941520468}
USCARRIER.GRAPHML,2,86,{0.6432748538011696}
USCARRIER.GRAPHML,2,135,{0.8830409356725146}
USCARRIER.GRAPHML,2,33,{0.7777777777777778}
USCARRIER.GRAPHML,2,53,{1.087719298245614}
USCARRIER.GRAPHML,2,91,{0.8128654970760234}
USCARRIER.GRAPHML,2,97,{0.7719298245614035}
USCARRIER.GRAPHML,2,157,{1.0584795321637428}
USCARRIER.GRAPHML,2,124,{1.0116959064327486}
USCARRIER.GRAPHML,3,7,{0.3827956989247312}
USCARRIER.GRAPHML,3,50,{0.6946236559139785}
USCARRIER.GRAPHML,3,19,{0.5010752688172043}
USCARRIER.GRAPHML,3,57,{0.7440860215053764}
USCARRIER.GRAPHML,3,15,{0.5419354838709678}
USCARRIER.GRAPHML,3,77,{0.5225806451612903}
USCARRIER.GRAPHML,3,109,{0.410752688172043}
USCARRIER.GRAPHML,3,30,{0.5548387096774193}
USCARRIER.GRAPHML,3,6,{0.7032258064516129}
USCARRIER.GRAPHML,3,26,{0.5096774193548387}
USCARRIER.GRAPHML,3,53,{0.6795698924731183}
USCARRIER.GRAPHML,3,2,{0.5763440860215053}
USCARRIER.GRAPHML,3,4,{0.6709677419354839}
USCARRIER.GRAPHML,3,86,{0.443010752688172}
USCARRIER.GRAPHML,3,34,{0.5225806451612903}
USCARRIER.GRAPHML,3,69,{0.5849462365591398}
USCARRIER.GRAPHML,3,119,{0.3978494623655914}
USCARRIER.GRAPHML,3,24,{0.45161290322580644}
USCARRIER.GRAPHML,3,16,{0.5827956989247312}
USCARRIER.GRAPHML,3,103,{0.5010752688172043}
USCARRIER.GRAPHML,3,106,{0.44086021505376344}
USCARRIER.GRAPHML,3,32,{0.4774193548387097}
USCARRIER.GRAPHML,3,36,{0.5440860215053763}
USCARRIER.GRAPHML,3,39,{0.5440860215053763}
USCARRIER.GRAPHML,3,61,{0.6903225806451613}
USCARRIER.GRAPHML,3,46,{0.7784946236559139}
USCARRIER.GRAPHML,3,91,{0.5483870967741935}
USCARRIER.GRAPHML,3,76,{0.6473118279569893}
USCARRIER.GRAPHML,3,51,{0.7569892473118279}
USCARRIER.GRAPHML,3,52,{0.7419354838709677}
USCARRIER.GRAPHML,3,133,{0.4838709677419355}
USCARRIER.GRAPHML,4,7,{0.3827956989247312}
USCARRIER.GRAPHML,4,50,{0.6946236559139785}
USCARRIER.GRAPHML,4,19,{0.5010752688172043}
USCARRIER.GRAPHML,4,15,{0.5419354838709678}
USCARRIER.GRAPHML,4,57,{0.7440860215053764}
USCARRIER.GRAPHML,4,77,{0.5225806451612903}
USCARRIER.GRAPHML,4,109,{0.410752688172043}
USCARRIER.GRAPHML,4,6,{0.7032258064516129}
USCARRIER.GRAPHML,4,26,{0.5096774193548387}
USCARRIER.GRAPHML,4,30,{0.5548387096774193}
USCARRIER.GRAPHML,4,4,{0.6709677419354839}
USCARRIER.GRAPHML,4,2,{0.5763440860215053}
USCARRIER.GRAPHML,4,53,{0.6795698924731183}
USCARRIER.GRAPHML,4,86,{0.443010752688172}
USCARRIER.GRAPHML,4,34,{0.5225806451612903}
USCARRIER.GRAPHML,4,69,{0.5849462365591398}
USCARRIER.GRAPHML,4,119,{0.3978494623655914}
USCARRIER.GRAPHML,4,16,{0.5827956989247312}
USCARRIER.GRAPHML,4,24,{0.45161290322580644}
USCARRIER.GRAPHML,4,39,{0.5440860215053763}
USCARRIER.GRAPHML,4,36,{0.5440860215053763}
USCARRIER.GRAPHML,4,32,{0.4774193548387097}
USCARRIER.GRAPHML,4,61,{0.6903225806451613}
USCARRIER.GRAPHML,4,103,{0.5010752688172043}
USCARRIER.GRAPHML,4,106,{0.44086021505376344}
USCARRIER.GRAPHML,4,46,{0.7784946236559139}
USCARRIER.GRAPHML,4,51,{0.7569892473118279}
USCARRIER.GRAPHML,4,52,{0.7419354838709677}
USCARRIER.GRAPHML,4,76,{0.6473118279569893}
USCARRIER.GRAPHML,4,91,{0.5483870967741935}
USCARRIER.GRAPHML,4,133,{0.4838709677419355}
UUNET.GRAPHML,2,13,{0.2}
UUNET.GRAPHML,2,9,{0.24444444444444444}
UUNET.GRAPHML,2,45,{0.24444444444444444}
UUNET.GRAPHML,2,25,{0.24444444444444444}
UUNET.GRAPHML,2,4,{0.3333333333333333}
UUNET.GRAPHML,2,27,{0.28888888888888886}
UUNET.GRAPHML,2,31,{0.3333333333333333}
UUNET.GRAPHML,2,33,{0.3333333333333333}
UUNET.GRAPHML,2,14,{0.35555555555555557}
UUNET.GRAPHML,2,43,{0.3111111111111111}
UUNET.GRAPHML,3,41,{0.6818181818181818}
UUNET.GRAPHML,3,34,{0.5454545454545454}
UUNET.GRAPHML,3,44,{0.5151515151515151}
UUNET.GRAPHML,3,46,{0.5303030303030303}
UUNET.GRAPHML,3,28,{0.5909090909090909}
UUNET.GRAPHML,3,17,{0.7575757575757576}
UUNET.GRAPHML,3,25,{0.3787878787878788}
UUNET.GRAPHML,3,38,{0.6212121212121212}
UUNET.GRAPHML,3,7,{0.5909090909090909}
UUNET.GRAPHML,3,48,{0.5151515151515151}
UUNET.GRAPHML,3,1,{0.696969696969697}
UUNET.GRAPHML,3,4,{0.42424242424242425}
UUNET.GRAPHML,4,48,{0.48484848484848486}
UUNET.GRAPHML,4,36,{0.6212121212121212}
UUNET.GRAPHML,4,39,{0.6818181818181818}
UUNET.GRAPHML,4,37,{0.6212121212121212}
UUNET.GRAPHML,4,35,{0.5454545454545454}
UUNET.GRAPHML,4,47,{0.5606060606060606}
UUNET.GRAPHML,4,34,{0.5454545454545454}
UUNET.GRAPHML,4,22,{0.5454545454545454}
UUNET.GRAPHML,4,43,{0.4696969696969697}
UUNET.GRAPHML,4,21,{0.45454545454545453}
UUNET.GRAPHML,4,7,{0.5454545454545454}
UUNET.GRAPHML,4,5,{0.5303030303030303}
